[01/13/2013 9:41 PM] - FAIL: IPN Validation Failed.
IPN POST Vars from Paypal:

IPN Response from Paypal Server:
 HTTP/1.1 200 OK
Date: Sun, 13 Jan 2013 20:40:58 GMT
Server: Apache
X-Frame-Options: SAMEORIGIN
Set-Cookie: c9MWDuvPtT9GIMyPc3jwol1VSlO=Vy_W_wI7SO_nzQBTxaD1mw4mruZvSTBDTinBSzTms9y-pdVF3HYRG2nHG7viJtQhBUpvYa0CQNLJnlG9_fPZ2xaQW_aBasXdDjKECbdX2HUzhiU5O1wE0hrAtVdUaEikJ0EKB0%7ctleGc7ffWFniw_KJPTDFa7nTfTcKb7R1iJSMSxEyso1yzdL5ZQ1LKAE-CPslm_UOzwUNrm%7cITeZ-eryIwNQ4woOjODmdM1ZvgNN1U8LiypBrKIPNbI5FEsYgFJ7G8c4DVDQZe7wpkGFgW%7c1358109658; domain=.paypal.com; path=/; Secure; HttpOnly
Set-Cookie: cookie_check=yes; expires=Wed, 11-Jan-2023 20:40:58 GMT; domain=.paypal.com; path=/; Secure; HttpOnly
Set-Cookie: navcmd=_notify-validate; domain=.paypal.com; path=/; Secure; HttpOnly
Set-Cookie: navlns=0.0; expires=Sat, 08-Jan-2033 20:40:58 GMT; domain=.paypal.com; path=/; Secure; HttpOnly
Set-Cookie: Apache=10.72.109.11.1358109658271727; path=/; expires=Tue, 06-Jan-43 20:40:58 GMT
Connection: close
Transfer-Encoding: chunked
Content-Type: text/html; charset=UTF-8

7
INVALID
0



[01/13/2013 9:42 PM] - SUCCESS!
IPN POST Vars from Paypal:
test_ipn=1, payment_type=echeck, payment_date=12:41:30 Jan 13, 2013 PST, payment_status=Pending, pending_reason=echeck, address_status=confirmed, payer_status=verified, first_name=John, last_name=Smith, payer_email=buyer@paypalsandbox.com, payer_id=TESTBUYERID01, address_name=John Smith, address_country=United States, address_country_code=US, address_zip=95131, address_state=CA, address_city=San Jose, address_street=123, any street, business=seller@paypalsandbox.com, receiver_email=seller@paypalsandbox.com, receiver_id=TESTSELLERID1, residence_country=US, item_name=something, item_number=AK-1234, quantity=1, shipping=3.04, tax=2.02, mc_currency=USD, mc_fee=0.44, mc_gross=12.34, txn_type=web_accept, txn_id=301132041, notify_version=2.1, custom=xyz123, invoice=abc1234, charset=windows-1252, verify_sign=AejbGduURy2495fJqP1IaDrtR4Y5AH1Y4JiuQoT-TB-XP.WuKs-bK6gB, 
IPN Response from Paypal Server:
 HTTP/1.1 200 OK
Date: Sun, 13 Jan 2013 20:41:41 GMT
Server: Apache
X-Frame-Options: SAMEORIGIN
Set-Cookie: c9MWDuvPtT9GIMyPc3jwol1VSlO=GmfCE9m1-TZrxqV15xzym63aU_sUD3OR5TaeMD-EJ457XF4RcJIAft-hHOcGX55vS5zNoFmhG8g9ZeiGS-hCsFq8qnUdQlobW_LJ8ct_bGPctuR_f7-5iomXkQYI-BdS-VCvMW%7c3SXzV-A1bJi5j7QYrvI5RpPAfXIBWyuXZbDB_puNPaZ6Zb48cV4WGwbiZ_VOsr55HZV7q0%7cHc0zue-2cP49C3EhbXt1xkqT3vkAyy4G_8dTLGpL3Xe6dWgusU2hfbH3B0Toi0pkHryVqW%7c1358109701; domain=.paypal.com; path=/; Secure; HttpOnly
Set-Cookie: cookie_check=yes; expires=Wed, 11-Jan-2023 20:41:41 GMT; domain=.paypal.com; path=/; Secure; HttpOnly
Set-Cookie: navcmd=_notify-validate; domain=.paypal.com; path=/; Secure; HttpOnly
Set-Cookie: navlns=0.0; expires=Sat, 08-Jan-2033 20:41:41 GMT; domain=.paypal.com; path=/; Secure; HttpOnly
Set-Cookie: Apache=10.72.109.11.1358109701487665; path=/; expires=Tue, 06-Jan-43 20:41:41 GMT
Connection: close
Transfer-Encoding: chunked
Content-Type: text/html; charset=UTF-8

8
VERIFIED
0



[01/13/2013 9:51 PM] - FAIL: IPN Validation Failed.
IPN POST Vars from Paypal:

IPN Response from Paypal Server:
 HTTP/1.1 200 OK
Date: Sun, 13 Jan 2013 20:50:40 GMT
Server: Apache
X-Frame-Options: SAMEORIGIN
Set-Cookie: c9MWDuvPtT9GIMyPc3jwol1VSlO=NRRcivyyNutvE4s4KQ-kmQdHAgAMsj2aQUNq6jUcvVAhF-aJzEDZTtovsVDovHmGCBN2tKJkywoHX6qN-oLfMkHupNPL0uYnfGc5GoLjVsN3BcA0fRgrY9n4Z0AEtE8MHXUdmm%7c5Oopap1_QCmB0dY7EjdfUu0WghD9wDHDbhvg4x7VxZkD5sGwMdENsyEekmSHAfPd4IxGi0%7cp4-Y5Hrps8C95hleUE7UjSgmxZXWUj3x-b_2enrFZiQITkL_ihM1RclWRIUMpTzukxlGPW%7c1358110240; domain=.paypal.com; path=/; Secure; HttpOnly
Set-Cookie: cookie_check=yes; expires=Wed, 11-Jan-2023 20:50:40 GMT; domain=.paypal.com; path=/; Secure; HttpOnly
Set-Cookie: navcmd=_notify-validate; domain=.paypal.com; path=/; Secure; HttpOnly
Set-Cookie: navlns=0.0; expires=Sat, 08-Jan-2033 20:50:40 GMT; domain=.paypal.com; path=/; Secure; HttpOnly
Set-Cookie: Apache=10.72.109.11.1358110240293070; path=/; expires=Tue, 06-Jan-43 20:50:40 GMT
Connection: close
Transfer-Encoding: chunked
Content-Type: text/html; charset=UTF-8

7
INVALID
0



[01/13/2013 9:52 PM] - SUCCESS!
IPN POST Vars from Paypal:
mc_gross=234.00, protection_eligibility=Eligible, address_status=confirmed, payer_id=JUJD7695EQTYA, tax=0.00, address_street=1 Main St, payment_date=12:52:31 Jan 13, 2013 PST, payment_status=Pending, charset=windows-1252, address_zip=95131, first_name=Hank, address_country_code=US, address_name=Hank Proctor, notify_version=3.7, custom=411, payer_status=verified, business=_samba_1358073493_biz@googlemail.com, address_country=United States, address_city=San Jose, quantity=0, verify_sign=An5ns1Kso7MWUdW4ErQKJJJ4qi4-A61vD3TCSldXLwUCYZH2dUdBPobY, payer_email=_samba_1358073606_per@googlemail.com, txn_id=1NU77709535788833, payment_type=instant, last_name=Proctor, address_state=CA, receiver_email=_samba_1358073493_biz@googlemail.com, receiver_id=3MMALJFJAGGQG, pending_reason=multi_currency, txn_type=web_accept, item_name=VSTForx, mc_currency=EUR, item_number=, residence_country=US, test_ipn=1, transaction_subject=411, payment_gross=, ipn_track_id=65f1810620ef, 
IPN Response from Paypal Server:
 HTTP/1.1 200 OK
Date: Sun, 13 Jan 2013 20:52:37 GMT
Server: Apache
X-Frame-Options: SAMEORIGIN
Set-Cookie: c9MWDuvPtT9GIMyPc3jwol1VSlO=dFRBzU-qgPqUpHmevyvpP4tjzbReLXU_5XYRgCEPm9Y_ARGuAClOTIs0Hv-CCKOp9QK865BeXqIx80iN69qChIwv6eh6ccEZlWRyxkXRu9R8ay41b18IH7ZqOZjcA6g9sHchHW%7cAu7XAL6VpyELTxAuMWYVsHVSVRaYuPD_ZJbW3Sj6rFcIqiBtvUm8TdUH9Cpd5L6jZ9o__m%7cyHfexNamGIVmhGZhgeIsUZyya-1LLIiGL8IiCLQHBQ7L0W1bDG3nDWJ8Ur9Qa9ZOmSIuHW%7c1358110357; domain=.paypal.com; path=/; Secure; HttpOnly
Set-Cookie: cookie_check=yes; expires=Wed, 11-Jan-2023 20:52:37 GMT; domain=.paypal.com; path=/; Secure; HttpOnly
Set-Cookie: navcmd=_notify-validate; domain=.paypal.com; path=/; Secure; HttpOnly
Set-Cookie: navlns=0.0; expires=Sat, 08-Jan-2033 20:52:37 GMT; domain=.paypal.com; path=/; Secure; HttpOnly
Set-Cookie: Apache=10.72.109.11.1358110357101756; path=/; expires=Tue, 06-Jan-43 20:52:37 GMT
Connection: close
Transfer-Encoding: chunked
Content-Type: text/html; charset=UTF-8

8
VERIFIED
0



[01/13/2013 9:57 PM] - SUCCESS!
IPN POST Vars from Paypal:
mc_gross=34.00, protection_eligibility=Eligible, address_status=confirmed, payer_id=JUJD7695EQTYA, tax=0.00, address_street=1 Main St, payment_date=12:56:35 Jan 13, 2013 PST, payment_status=Pending, charset=windows-1252, address_zip=95131, first_name=Hank, address_country_code=US, address_name=Hank Proctor, notify_version=3.7, custom=411, payer_status=verified, business=_samba_1358073493_biz@googlemail.com, address_country=United States, address_city=San Jose, quantity=0, verify_sign=A9jpbzPNwFGvSw.0FmCJWkq9qj8pAkyOZcck3vpDQ7DHs4DcV2eBpil8, payer_email=_samba_1358073606_per@googlemail.com, txn_id=5CK533044G9848844, payment_type=instant, last_name=Proctor, address_state=CA, receiver_email=_samba_1358073493_biz@googlemail.com, receiver_id=3MMALJFJAGGQG, pending_reason=multi_currency, txn_type=web_accept, item_name=VSTForx, mc_currency=EUR, item_number=, residence_country=US, test_ipn=1, transaction_subject=411, payment_gross=, ipn_track_id=e20840e7fe9a, 
IPN Response from Paypal Server:
 HTTP/1.1 200 OK
Date: Sun, 13 Jan 2013 20:56:42 GMT
Server: Apache
X-Frame-Options: SAMEORIGIN
Set-Cookie: c9MWDuvPtT9GIMyPc3jwol1VSlO=zqeobtUur2uirDOc1sSGnUcTA3fVsxuUDtQNkdDTjtxE93zoF1khaaYeg5sRax-kPLBHlSMt_MxcOY9CwGKJ3GHyFB1Rb7IWNTaNGohM34kfm42bq-5YpzTgcMiFvk2HyQIImm%7cVt0gIO0MMK05IMOyqAiQpRnqREF8h3P2XuyLhG3BqExHvebay3qT8-cn4yA_4zVvF8IRhm%7cZq7M7Qjse5a5IDl6PYGMRhdLtyoHcKPjVAX1QVHUxlknCIKvWM3mmfdo2kodK3JBagaeNW%7c1358110603; domain=.paypal.com; path=/; Secure; HttpOnly
Set-Cookie: cookie_check=yes; expires=Wed, 11-Jan-2023 20:56:43 GMT; domain=.paypal.com; path=/; Secure; HttpOnly
Set-Cookie: navcmd=_notify-validate; domain=.paypal.com; path=/; Secure; HttpOnly
Set-Cookie: navlns=0.0; expires=Sat, 08-Jan-2033 20:56:43 GMT; domain=.paypal.com; path=/; Secure; HttpOnly
Set-Cookie: Apache=10.72.109.11.1358110602676065; path=/; expires=Tue, 06-Jan-43 20:56:42 GMT
Connection: close
Transfer-Encoding: chunked
Content-Type: text/html; charset=UTF-8

8
VERIFIED
0



[01/13/2013 10:07 PM] - SUCCESS!
IPN POST Vars from Paypal:
mc_gross=23.00, protection_eligibility=Ineligible, address_status=confirmed, payer_id=JUJD7695EQTYA, tax=0.00, address_street=1 Main St, payment_date=13:06:56 Jan 13, 2013 PST, payment_status=Pending, charset=windows-1252, address_zip=95131, first_name=Hank, address_country_code=US, address_name=Hank Proctor, notify_version=3.7, custom=411, payer_status=verified, business=_samba_1358073493_biz@googlemail.com, address_country=United States, address_city=San Jose, quantity=0, verify_sign=AMlgYxcgj7DiutgEt3mZFtxQuj-jADXmEUE91qGkljsSWlP795dr55SQ, payer_email=_samba_1358073606_per@googlemail.com, txn_id=43C57677US1499353, payment_type=instant, last_name=Proctor, address_state=CA, receiver_email=_samba_1358073493_biz@googlemail.com, receiver_id=3MMALJFJAGGQG, pending_reason=multi_currency, txn_type=web_accept, item_name=VSTForx, mc_currency=EUR, item_number=, residence_country=US, test_ipn=1, transaction_subject=411, payment_gross=, ipn_track_id=96d46709d38c9, 
IPN Response from Paypal Server:
 HTTP/1.1 200 OK
Date: Sun, 13 Jan 2013 21:07:03 GMT
Server: Apache
X-Frame-Options: SAMEORIGIN
Set-Cookie: c9MWDuvPtT9GIMyPc3jwol1VSlO=PFv5_uiL6ZlDXrMC0chgAZ4yVighNMBzPklKBkBhNXUdCZXxqYQq2-hwzBPmhq2hZe2q1h1HPJmBgiG0NRTGFKkDAZr7woweG3CfC3HoBNxGF5pwYURzFmQ1jf-EZ3Spl_qZT0%7cuWkkFL5oY60_tQhH5Nu3VduaqblrXIpDCiCwEwctIyEex8lL7ox5Ayub99NSThHRy3mGoW%7cQ277Jp26ZvIA9Vwncdu0MEG2NCfsewRsYmoaI0qTvqLqEDotKbMxnuWe_kFozhY27cX9u0%7c1358111223; domain=.paypal.com; path=/; Secure; HttpOnly
Set-Cookie: cookie_check=yes; expires=Wed, 11-Jan-2023 21:07:03 GMT; domain=.paypal.com; path=/; Secure; HttpOnly
Set-Cookie: navcmd=_notify-validate; domain=.paypal.com; path=/; Secure; HttpOnly
Set-Cookie: navlns=0.0; expires=Sat, 08-Jan-2033 21:07:03 GMT; domain=.paypal.com; path=/; Secure; HttpOnly
Set-Cookie: Apache=10.72.109.11.1358111223559151; path=/; expires=Tue, 06-Jan-43 21:07:03 GMT
Connection: close
Transfer-Encoding: chunked
Content-Type: text/html; charset=UTF-8

8
VERIFIED
0



[01/13/2013 10:10 PM] - SUCCESS!
IPN POST Vars from Paypal:
mc_gross=345.00, protection_eligibility=Eligible, address_status=confirmed, payer_id=JUJD7695EQTYA, tax=0.00, address_street=1 Main St, payment_date=13:09:53 Jan 13, 2013 PST, payment_status=Pending, charset=windows-1252, address_zip=95131, first_name=Hank, address_country_code=US, address_name=Hank Proctor, notify_version=3.7, custom=411, payer_status=verified, business=_samba_1358073493_biz@googlemail.com, address_country=United States, address_city=San Jose, quantity=0, verify_sign=A6Z4awhCdTxplRTtGSPwuI9cs7UIAQcp1hdQUig-YNxR2MuWXZZdurpN, payer_email=_samba_1358073606_per@googlemail.com, txn_id=8DW87186RD126810V, payment_type=instant, last_name=Proctor, address_state=CA, receiver_email=_samba_1358073493_biz@googlemail.com, receiver_id=3MMALJFJAGGQG, pending_reason=multi_currency, txn_type=web_accept, item_name=VSTForx, mc_currency=EUR, item_number=, residence_country=US, test_ipn=1, transaction_subject=411, payment_gross=, ipn_track_id=4033d1226c69, 
IPN Response from Paypal Server:
 HTTP/1.1 200 OK
Date: Sun, 13 Jan 2013 21:09:57 GMT
Server: Apache
X-Frame-Options: SAMEORIGIN
Set-Cookie: c9MWDuvPtT9GIMyPc3jwol1VSlO=slwVjztKEAxcey1UL3GdBgGS48yso8qEA_i94oDJBHw_EESDowuCU95VEAvWADNH-Inis_cWFg7_TRixOaVme8mT76NmxeB6huxexWRrx6cT6pj_jpdo_3ZfzmE6ZVl9LiDlwm%7cdvGnAkZDRZC6xQ9ZNOZLNs8NXCNyFaO_bDrwnDf2b7KhRukvBttLclRgwD9VneVZEwvKwG%7cbN4b1FU_PKkId6R_0FjeSJAfNp3qjjePeNQeoCR4RwwOON0kMZ0nM0gs386lVujHsGk-gG%7c1358111398; domain=.paypal.com; path=/; Secure; HttpOnly
Set-Cookie: cookie_check=yes; expires=Wed, 11-Jan-2023 21:09:58 GMT; domain=.paypal.com; path=/; Secure; HttpOnly
Set-Cookie: navcmd=_notify-validate; domain=.paypal.com; path=/; Secure; HttpOnly
Set-Cookie: navlns=0.0; expires=Sat, 08-Jan-2033 21:09:58 GMT; domain=.paypal.com; path=/; Secure; HttpOnly
Set-Cookie: Apache=10.72.109.11.1358111397816712; path=/; expires=Tue, 06-Jan-43 21:09:57 GMT
Connection: close
Transfer-Encoding: chunked
Content-Type: text/html; charset=UTF-8

8
VERIFIED
0



[01/13/2013 10:15 PM] - SUCCESS!
IPN POST Vars from Paypal:
mc_gross=345.00, settle_amount=444.66, protection_eligibility=Eligible, address_status=confirmed, payer_id=JUJD7695EQTYA, tax=0.00, address_street=1 Main St, payment_date=13:09:53 Jan 13, 2013 PST, payment_status=Completed, charset=windows-1252, address_zip=95131, first_name=Hank, mc_fee=10.36, address_country_code=US, exchange_rate=1.32877, address_name=Hank Proctor, notify_version=3.7, settle_currency=USD, custom=411, payer_status=verified, business=_samba_1358073493_biz@googlemail.com, address_country=United States, address_city=San Jose, quantity=0, verify_sign=Ai1PaghZh5FmBLCDCTQpwG8jB264AsSKVVHCa5x45I-uQGOE6OvBgHW3, payer_email=_samba_1358073606_per@googlemail.com, txn_id=8DW87186RD126810V, payment_type=instant, last_name=Proctor, address_state=CA, receiver_email=_samba_1358073493_biz@googlemail.com, payment_fee=, receiver_id=3MMALJFJAGGQG, txn_type=web_accept, item_name=VSTForx, mc_currency=EUR, item_number=, residence_country=US, test_ipn=1, handling_amount=0.00, transaction_subject=411, payment_gross=, shipping=0.00, ipn_track_id=f5c04b5c1b85c, 
IPN Response from Paypal Server:
 HTTP/1.1 200 OK
Date: Sun, 13 Jan 2013 21:15:21 GMT
Server: Apache
X-Frame-Options: SAMEORIGIN
Set-Cookie: c9MWDuvPtT9GIMyPc3jwol1VSlO=4KcTgJOLRQ0GaE-ZNNDFbmb5PCxAXF_lTFDIDgQTXFavm4Z7aifNo-605lcCpxq6AI9FKGIg-1O2d1-QCPS39dy1dv7kHFuW9941y96uOSWv26Ph66UeYOBNT6ZAvo_wZkZrwG%7c-qD-eXgDXA_yTjKshO1oUaJv4ycMXlGFxjY94MxoJD9brzYMdqYPwoO-iR8pQZkdjBCtOm%7cLyrncqIqWOL3gLqvznYAepURQH_KlYhK0Vv8kBCaKQ1Tb7AuDD3quG0o1cLaM4vnaqoHMG%7c1358111721; domain=.paypal.com; path=/; Secure; HttpOnly
Set-Cookie: cookie_check=yes; expires=Wed, 11-Jan-2023 21:15:21 GMT; domain=.paypal.com; path=/; Secure; HttpOnly
Set-Cookie: navcmd=_notify-validate; domain=.paypal.com; path=/; Secure; HttpOnly
Set-Cookie: navlns=0.0; expires=Sat, 08-Jan-2033 21:15:21 GMT; domain=.paypal.com; path=/; Secure; HttpOnly
Set-Cookie: Apache=10.72.109.11.1358111721331965; path=/; expires=Tue, 06-Jan-43 21:15:21 GMT
Connection: close
Transfer-Encoding: chunked
Content-Type: text/html; charset=UTF-8

8
VERIFIED
0



[01/13/2013 10:17 PM] - SUCCESS!
IPN POST Vars from Paypal:
mc_gross=23.00, settle_amount=29.20, protection_eligibility=Ineligible, address_status=confirmed, payer_id=JUJD7695EQTYA, tax=0.00, address_street=1 Main St, payment_date=13:06:56 Jan 13, 2013 PST, payment_status=Pending, charset=windows-1252, address_zip=95131, first_name=Hank, mc_fee=1.02, address_country_code=US, exchange_rate=1.32848, address_name=Hank Proctor, notify_version=3.7, settle_currency=USD, custom=411, payer_status=verified, business=_samba_1358073493_biz@googlemail.com, address_country=United States, address_city=San Jose, quantity=0, verify_sign=ArQAPHTli2weIislmjDmYrJBBcVsAq-EvManaaJJp1BwP-ip17EWnbvp, payer_email=_samba_1358073606_per@googlemail.com, txn_id=43C57677US1499353, payment_type=instant, last_name=Proctor, address_state=CA, receiver_email=_samba_1358073493_biz@googlemail.com, payment_fee=, receiver_id=3MMALJFJAGGQG, pending_reason=paymentreview, txn_type=web_accept, item_name=VSTForx, mc_currency=EUR, item_number=, residence_country=US, test_ipn=1, handling_amount=0.00, transaction_subject=411, payment_gross=, shipping=0.00, ipn_track_id=82e9445a72aea, 
IPN Response from Paypal Server:
 HTTP/1.1 200 OK
Date: Sun, 13 Jan 2013 21:17:18 GMT
Server: Apache
X-Frame-Options: SAMEORIGIN
Set-Cookie: c9MWDuvPtT9GIMyPc3jwol1VSlO=QhLj7Jj8QUDShJYMFGpheUznP8_MeqHynZuoTrE3TQC-Y_XQUYceIW_MIND7twPm8pKgbEN97b_0TJnS2oYXr5NDVkGCQEbEPSrgDcBM-VNrORFoJl3Q9Mpou4YujIn7zboDHm%7cydooKcQbdkl6OGfLwvjiH4efcahNjex6NhdMJ55FmkoX3hLh2ciQs1YFnDT-AKchQbpAJW%7cKtILNISZK8U_kajaHDCetzEfaWugO-Ku3ABbUIOHbWxF-ujPCHpJmsQOEP73LOrT5uq_o0%7c1358111838; domain=.paypal.com; path=/; Secure; HttpOnly
Set-Cookie: cookie_check=yes; expires=Wed, 11-Jan-2023 21:17:18 GMT; domain=.paypal.com; path=/; Secure; HttpOnly
Set-Cookie: navcmd=_notify-validate; domain=.paypal.com; path=/; Secure; HttpOnly
Set-Cookie: navlns=0.0; expires=Sat, 08-Jan-2033 21:17:18 GMT; domain=.paypal.com; path=/; Secure; HttpOnly
Set-Cookie: Apache=10.72.109.11.1358111838144622; path=/; expires=Tue, 06-Jan-43 21:17:18 GMT
Connection: close
Transfer-Encoding: chunked
Content-Type: text/html; charset=UTF-8

8
VERIFIED
0



[01/13/2013 10:19 PM] - SUCCESS!
IPN POST Vars from Paypal:
mc_gross=34.00, protection_eligibility=Eligible, address_status=confirmed, payer_id=JUJD7695EQTYA, tax=0.00, address_street=1 Main St, payment_date=13:18:59 Jan 13, 2013 PST, payment_status=Pending, charset=windows-1252, address_zip=95131, first_name=Hank, address_country_code=US, address_name=Hank Proctor, notify_version=3.7, custom=411, payer_status=verified, business=_samba_1358073493_biz@googlemail.com, address_country=United States, address_city=San Jose, quantity=0, verify_sign=A6JOAvgRthl.HnwrpLGOFaw.2L1vAK4bqRjUYeC6ovYLmfO0x96GR.-b, payer_email=_samba_1358073606_per@googlemail.com, txn_id=00S50477BN231632E, payment_type=instant, last_name=Proctor, address_state=CA, receiver_email=_samba_1358073493_biz@googlemail.com, receiver_id=3MMALJFJAGGQG, pending_reason=multi_currency, txn_type=web_accept, item_name=VSTForx, mc_currency=EUR, item_number=, residence_country=US, test_ipn=1, transaction_subject=411, payment_gross=, ipn_track_id=186239284beb6, 
IPN Response from Paypal Server:
 HTTP/1.1 200 OK
Date: Sun, 13 Jan 2013 21:19:06 GMT
Server: Apache
X-Frame-Options: SAMEORIGIN
Set-Cookie: c9MWDuvPtT9GIMyPc3jwol1VSlO=8Em72VJd7IlpniIFwtBuTVV_ajluzjuxjAg4fGwk5PZkG3a6qiha9BBvG2nJZa-SL2gNjcMHJu2JHWf7BylQp_aZdcf4BPo1LgILz163lGiDilP5EV1WBvlntH-UQXQIWTMrdW%7cngyCgcOQ2Qlg5BRLMl6K9rUV4Kh_VCSI60VXGYtITLgt5X6Ruh40JxphMDCE4YttY6MVG0%7civ3_2mMIHNCeUUeUTkKMAS06dXhAmwsVqH5_EzaWo-nB4ife_nNhtlsxT9jFabHBakdPkG%7c1358111946; domain=.paypal.com; path=/; Secure; HttpOnly
Set-Cookie: cookie_check=yes; expires=Wed, 11-Jan-2023 21:19:06 GMT; domain=.paypal.com; path=/; Secure; HttpOnly
Set-Cookie: navcmd=_notify-validate; domain=.paypal.com; path=/; Secure; HttpOnly
Set-Cookie: navlns=0.0; expires=Sat, 08-Jan-2033 21:19:06 GMT; domain=.paypal.com; path=/; Secure; HttpOnly
Set-Cookie: Apache=10.72.109.11.1358111946523364; path=/; expires=Tue, 06-Jan-43 21:19:06 GMT
Connection: close
Transfer-Encoding: chunked
Content-Type: text/html; charset=UTF-8

8
VERIFIED
0



[01/13/2013 10:24 PM] - SUCCESS!
IPN POST Vars from Paypal:
mc_gross=23.00, protection_eligibility=Eligible, address_status=confirmed, payer_id=JUJD7695EQTYA, tax=0.00, address_street=1 Main St, payment_date=13:24:18 Jan 13, 2013 PST, payment_status=Completed, charset=windows-1252, address_zip=95131, first_name=Hank, mc_fee=0.97, address_country_code=US, address_name=Hank Proctor, notify_version=3.7, custom=411, payer_status=verified, business=_samba_1358073493_biz@googlemail.com, address_country=United States, address_city=San Jose, quantity=0, verify_sign=Aiv1UCfTw9fLu3lHjlwAJmNGI53tATZldoih4q-q.JeIBnjvSy-JERmb, payer_email=_samba_1358073606_per@googlemail.com, txn_id=98H655333X982290L, payment_type=instant, last_name=Proctor, address_state=CA, receiver_email=_samba_1358073493_biz@googlemail.com, payment_fee=0.97, receiver_id=3MMALJFJAGGQG, txn_type=web_accept, item_name=VSTForx, mc_currency=USD, item_number=, residence_country=US, test_ipn=1, transaction_subject=411, payment_gross=23.00, ipn_track_id=9a9723dc42929, 
IPN Response from Paypal Server:
 HTTP/1.1 200 OK
Date: Sun, 13 Jan 2013 21:24:23 GMT
Server: Apache
X-Frame-Options: SAMEORIGIN
Set-Cookie: c9MWDuvPtT9GIMyPc3jwol1VSlO=gvLhz_W7YGKoLCv4Cz7kDNsbUnyMnloHsWKkrfkyqGVdwzUSBi6rK-XyDVBqh-J-dUhCuMg8Q_MJ8fBCa7RhDvo_z12AoYEFfqKcewDwwPgbGErvYtcDYYao4Q5y20pXvO9MJm%7cx1TjwJz-a60waHJVxNWiSMRjzVHgHvxi-QAAmIbe7Z0dP-MtHoAJc97lLdLgWPwECHTSXm%7c8x3XdgMLYAxhAHl5_wku5vZfJqAh1XnuXu4V3N3Y0GGAX1xe0JZ8YDuISQpYgE4RUGfVF0%7c1358112263; domain=.paypal.com; path=/; Secure; HttpOnly
Set-Cookie: cookie_check=yes; expires=Wed, 11-Jan-2023 21:24:23 GMT; domain=.paypal.com; path=/; Secure; HttpOnly
Set-Cookie: navcmd=_notify-validate; domain=.paypal.com; path=/; Secure; HttpOnly
Set-Cookie: navlns=0.0; expires=Sat, 08-Jan-2033 21:24:23 GMT; domain=.paypal.com; path=/; Secure; HttpOnly
Set-Cookie: Apache=10.72.109.11.1358112263310137; path=/; expires=Tue, 06-Jan-43 21:24:23 GMT
Connection: close
Transfer-Encoding: chunked
Content-Type: text/html; charset=UTF-8

8
VERIFIED
0



[01/13/2013 10:28 PM] - SUCCESS!
IPN POST Vars from Paypal:
mc_gross=234.00, protection_eligibility=Partially Eligible - INR Only, address_status=unconfirmed, payer_id=ZQKG45BV3XNW8, tax=0.00, address_street=ESpachstr. 1, payment_date=13:28:26 Jan 13, 2013 PST, payment_status=Completed, charset=windows-1252, address_zip=79111, first_name=sascha, mc_fee=9.43, address_country_code=DE, address_name=sascha fritz, notify_version=3.7, custom=411, payer_status=verified, business=_samba_1358073493_biz@googlemail.com, address_country=Germany, address_city=Freiburg, quantity=0, verify_sign=A3QALtSxNn27EEHGoS-6e2wOhfu2AbaiWQnertLqPGIONpsg.Ubj8f7o, payer_email=_samba_1358112367_pre@googlemail.com, txn_id=2W901509P83896412, payment_type=instant, last_name=fritz, address_state=Empty, receiver_email=_samba_1358073493_biz@googlemail.com, payment_fee=9.43, receiver_id=3MMALJFJAGGQG, txn_type=web_accept, item_name=VSTForx, mc_currency=USD, item_number=, residence_country=DE, test_ipn=1, transaction_subject=411, payment_gross=234.00, ipn_track_id=347c7f021fd3d, 
IPN Response from Paypal Server:
 HTTP/1.1 200 OK
Date: Sun, 13 Jan 2013 21:28:34 GMT
Server: Apache
X-Frame-Options: SAMEORIGIN
Set-Cookie: c9MWDuvPtT9GIMyPc3jwol1VSlO=x3q8Vy4E7imzwazVO1aaeFbPRfdCLh8FSRcx6-YHEbU-DCkt8vwLQGZXr_9yyynxJOAglC-awrMvXUWspODdB11Gp48g-0OmeW9KF7iOg-d82JpM1d3XjfYZoLsTp2Spysi3O0%7c2y--Q-Nf5SmMU7SpmztiOFPM2SRV_TDePYoihUhG6xM6xxzyOgme51uWdv1YzaWlz-Df8m%7cgQi4alKeMIuTAzmgLJx29KcW_T0YEORndojYzxpKxMk-x1LDnMA_ST6yHtskweOaNcr25m%7c1358112514; domain=.paypal.com; path=/; Secure; HttpOnly
Set-Cookie: cookie_check=yes; expires=Wed, 11-Jan-2023 21:28:34 GMT; domain=.paypal.com; path=/; Secure; HttpOnly
Set-Cookie: navcmd=_notify-validate; domain=.paypal.com; path=/; Secure; HttpOnly
Set-Cookie: navlns=0.0; expires=Sat, 08-Jan-2033 21:28:34 GMT; domain=.paypal.com; path=/; Secure; HttpOnly
Set-Cookie: Apache=10.72.109.11.1358112514261005; path=/; expires=Tue, 06-Jan-43 21:28:34 GMT
Connection: close
Transfer-Encoding: chunked
Content-Type: text/html; charset=UTF-8

8
VERIFIED
0



[01/13/2013 10:43 PM] - FAIL: IPN Validation Failed.
IPN POST Vars from Paypal:

IPN Response from Paypal Server:
 HTTP/1.1 200 OK
Date: Sun, 13 Jan 2013 21:42:46 GMT
Server: Apache
X-Frame-Options: SAMEORIGIN
Set-Cookie: c9MWDuvPtT9GIMyPc3jwol1VSlO=n4aOVkLNDy0VcRTPY8rYOSYAUcrpLIMtQdZnBZLryW-U-8KHZ4Xt8y7tdXiu78cgEta-alpS0NjxNASimGbzPhBJOv6nE0Js5v1C7MjZy-z1vjKx0xPmIesQ-_I0D1JJ1E08RG%7cePaLVr0hAVrZoWGrn6G5XzyH1TpPVuIi-YRVCHbtw3qjK1a_qmTCJZwJ7PPZy12aTo5_d0%7cb4nTgj0cFnyeO2SCcq9LxNGzX6Go8hsi0tmGBoSCPwLQT2q8g4WBzpE61rlPA9n7vfu_WW%7c1358113366; domain=.paypal.com; path=/; Secure; HttpOnly
Set-Cookie: cookie_check=yes; expires=Wed, 11-Jan-2023 21:42:46 GMT; domain=.paypal.com; path=/; Secure; HttpOnly
Set-Cookie: navcmd=_notify-validate; domain=.paypal.com; path=/; Secure; HttpOnly
Set-Cookie: navlns=0.0; expires=Sat, 08-Jan-2033 21:42:46 GMT; domain=.paypal.com; path=/; Secure; HttpOnly
Set-Cookie: Apache=10.72.109.11.1358113366173020; path=/; expires=Tue, 06-Jan-43 21:42:46 GMT
Connection: close
Transfer-Encoding: chunked
Content-Type: text/html; charset=UTF-8

7
INVALID
0



[01/13/2013 10:51 PM] - SUCCESS!
IPN POST Vars from Paypal:
mc_gross=346.00, protection_eligibility=Partially Eligible - INR Only, address_status=unconfirmed, payer_id=ZQKG45BV3XNW8, tax=0.00, address_street=ESpachstr. 1, payment_date=13:50:52 Jan 13, 2013 PST, payment_status=Completed, charset=windows-1252, address_zip=79111, first_name=sascha, mc_fee=13.79, address_country_code=DE, address_name=sascha fritz, notify_version=3.7, custom=411, payer_status=verified, business=_samba_1358073493_biz@googlemail.com, address_country=Germany, address_city=Freiburg, quantity=0, verify_sign=AwFWqLh4g.CWXyQH.2MQmwmkUxSlAtVh2EfJQre-ng3TXzukCuK74AK0, payer_email=_samba_1358112367_pre@googlemail.com, txn_id=45B095481M202261T, payment_type=instant, last_name=fritz, address_state=Empty, receiver_email=_samba_1358073493_biz@googlemail.com, payment_fee=13.79, receiver_id=3MMALJFJAGGQG, txn_type=web_accept, item_name=VSTForx, mc_currency=USD, item_number=, residence_country=DE, test_ipn=1, transaction_subject=411, payment_gross=346.00, ipn_track_id=1836900278725, 
IPN Response from Paypal Server:
 HTTP/1.1 200 OK
Date: Sun, 13 Jan 2013 21:50:59 GMT
Server: Apache
X-Frame-Options: SAMEORIGIN
Set-Cookie: c9MWDuvPtT9GIMyPc3jwol1VSlO=acfrEv7crFG_v9u4Ox8xkiLOrSxnAyKe9kakMaVeWL-Tgd6FxgBVtiWs2cSz298rl8wf87012sRBYDkRrKMsNyz3GzQiAapD1Q-eGNp3liyTskPnflGIQAZzuFLvq5SFq3MuS0%7cmoU8BBzPykZlM-OwCfx7hmaJszkYQhV2YEXx5tp85KmFTybJ7V3H6tPcN5QNYnYLPuJlwW%7cuPPBNieNQONGOiOrmo7coPVPOYU1BWLeWCYHTT1sVeD1DmBTFEvV_TPchgPdXDMnW4JWhW%7c1358113859; domain=.paypal.com; path=/; Secure; HttpOnly
Set-Cookie: cookie_check=yes; expires=Wed, 11-Jan-2023 21:50:59 GMT; domain=.paypal.com; path=/; Secure; HttpOnly
Set-Cookie: navcmd=_notify-validate; domain=.paypal.com; path=/; Secure; HttpOnly
Set-Cookie: navlns=0.0; expires=Sat, 08-Jan-2033 21:50:59 GMT; domain=.paypal.com; path=/; Secure; HttpOnly
Set-Cookie: Apache=10.72.109.11.1358113859419303; path=/; expires=Tue, 06-Jan-43 21:50:59 GMT
Connection: close
Transfer-Encoding: chunked
Content-Type: text/html; charset=UTF-8

8
VERIFIED
0



[01/13/2013 10:57 PM] - SUCCESS!
IPN POST Vars from Paypal:
mc_gross=545.00, protection_eligibility=Partially Eligible - INR Only, address_status=unconfirmed, payer_id=ZQKG45BV3XNW8, tax=0.00, address_street=ESpachstr. 1, payment_date=13:56:55 Jan 13, 2013 PST, payment_status=Completed, charset=windows-1252, address_zip=79111, first_name=sascha, mc_fee=21.56, address_country_code=DE, address_name=sascha fritz, notify_version=3.7, custom=411, payer_status=verified, business=_samba_1358073493_biz@googlemail.com, address_country=Germany, address_city=Freiburg, quantity=0, verify_sign=AiPC9BjkCyDFQXbSkoZcgqH3hpacAsSKQNRopVo8PYpavMAtq50m5MQz, payer_email=_samba_1358112367_pre@googlemail.com, txn_id=1V022562SB7843024, payment_type=instant, last_name=fritz, address_state=Empty, receiver_email=_samba_1358073493_biz@googlemail.com, payment_fee=21.56, receiver_id=3MMALJFJAGGQG, txn_type=web_accept, item_name=VSTForx, mc_currency=USD, item_number=, residence_country=DE, test_ipn=1, transaction_subject=411, payment_gross=545.00, ipn_track_id=cf8fae36a8a05, 
IPN Response from Paypal Server:
 HTTP/1.1 200 OK
Date: Sun, 13 Jan 2013 21:57:02 GMT
Server: Apache
X-Frame-Options: SAMEORIGIN
Set-Cookie: c9MWDuvPtT9GIMyPc3jwol1VSlO=A68zuKLsXZN_e32R_DvkQ7bhJefQqiU5AKnkMaf3CRJUpxBySaLqAASrnUmnACGZLwVKzPqL4o1mW413OdHN5OyOSt9dDtWw9fdf_Xy57dPy1omSBKjn4SAF7tMjm8XT6V6_YW%7cIrcYOj2vCGcH3SLFomTYT5tt17OTyWswaoKdcuwVOMQweqrNCNJSPEeL6YU0Q6yeZmRGsm%7cB0iP_2aFtU6DzbW7c9HnOeFrpK4_YNo8IoGJz6y6zLog7jY4xX9_Fuuuoenb49VAROw0t0%7c1358114222; domain=.paypal.com; path=/; Secure; HttpOnly
Set-Cookie: cookie_check=yes; expires=Wed, 11-Jan-2023 21:57:02 GMT; domain=.paypal.com; path=/; Secure; HttpOnly
Set-Cookie: navcmd=_notify-validate; domain=.paypal.com; path=/; Secure; HttpOnly
Set-Cookie: navlns=0.0; expires=Sat, 08-Jan-2033 21:57:02 GMT; domain=.paypal.com; path=/; Secure; HttpOnly
Set-Cookie: Apache=10.72.109.11.1358114222475902; path=/; expires=Tue, 06-Jan-43 21:57:02 GMT
Connection: close
Transfer-Encoding: chunked
Content-Type: text/html; charset=UTF-8

8
VERIFIED
0



[01/13/2013 10:59 PM] - FAIL: IPN Validation Failed.
IPN POST Vars from Paypal:

IPN Response from Paypal Server:
 HTTP/1.1 200 OK
Date: Sun, 13 Jan 2013 21:59:13 GMT
Server: Apache
X-Frame-Options: SAMEORIGIN
Set-Cookie: c9MWDuvPtT9GIMyPc3jwol1VSlO=2_KA7jP-6PY4plEU0AwFY5d4GDcovlxSLfM2WjR0zoCWciak7DQLDMsonrk_eh51qVoCKh1a-KKb_xQWztAbQIp8JRLZ64kSZrO4jTyS1vrw_w6GuJ60GAMzr2G6HQ-eGcaN5m%7ciKiVKcmmIT-TSGgrQ1dPJnA_Qb35-8gEMtndSIN56P5No9Ksnk3wpEgBiGim72p8G_K4Fm%7cRN6orf5Tob-alHyYN82rbnwpRcSVL9wX2i4X0xfj2YYyjqVH4P41MdZfPwJP2nzH3dxahW%7c1358114354; domain=.paypal.com; path=/; Secure; HttpOnly
Set-Cookie: cookie_check=yes; expires=Wed, 11-Jan-2023 21:59:14 GMT; domain=.paypal.com; path=/; Secure; HttpOnly
Set-Cookie: navcmd=_notify-validate; domain=.paypal.com; path=/; Secure; HttpOnly
Set-Cookie: navlns=0.0; expires=Sat, 08-Jan-2033 21:59:14 GMT; domain=.paypal.com; path=/; Secure; HttpOnly
Set-Cookie: Apache=10.72.109.11.1358114353697587; path=/; expires=Tue, 06-Jan-43 21:59:13 GMT
Connection: close
Transfer-Encoding: chunked
Content-Type: text/html; charset=UTF-8

7
INVALID
0



[01/13/2013 11:00 PM] - SUCCESS!
IPN POST Vars from Paypal:
mc_gross=111.00, protection_eligibility=Partially Eligible - INR Only, address_status=unconfirmed, payer_id=ZQKG45BV3XNW8, tax=0.00, address_street=ESpachstr. 1, payment_date=13:59:53 Jan 13, 2013 PST, payment_status=Completed, charset=windows-1252, address_zip=79111, first_name=sascha, mc_fee=4.63, address_country_code=DE, address_name=sascha fritz, notify_version=3.7, custom=411, payer_status=verified, business=_samba_1358073493_biz@googlemail.com, address_country=Germany, address_city=Freiburg, quantity=0, verify_sign=A0pSPFoUhjo2vYHJ0SbbhCQlJlQzAnAj2cXQRL1JufdzDDUaLNAapgZ8, payer_email=_samba_1358112367_pre@googlemail.com, txn_id=837062082F879821Y, payment_type=instant, last_name=fritz, address_state=Empty, receiver_email=_samba_1358073493_biz@googlemail.com, payment_fee=4.63, receiver_id=3MMALJFJAGGQG, txn_type=web_accept, item_name=VSTForx, mc_currency=USD, item_number=, residence_country=DE, test_ipn=1, transaction_subject=411, payment_gross=111.00, ipn_track_id=6c55332de83c3, 
IPN Response from Paypal Server:
 HTTP/1.1 200 OK
Date: Sun, 13 Jan 2013 21:59:59 GMT
Server: Apache
X-Frame-Options: SAMEORIGIN
Set-Cookie: c9MWDuvPtT9GIMyPc3jwol1VSlO=T9GIQhovW2-YKPeIaX2n4FvKUfMvvCToJXw8T_6M18H9_6B2odFdrbKep_XPAnhQpYRpWJoNXq8ebmFT02_FTurAQ6yP3f8SOwVvAh_T0ItSo6b7_0SbIhwXnKZb84uLd7DQVG%7cyZlSqNIa2Arv_ZM_Bvo0FJn6GJ_9ZmHE-LYP1IjLoy_n5dNW7tz0NVSeqkLnzoPKU7DklW%7c36l4UujSmFhMUAYGqlySf4tAME-LELr-__OPCXBTJrIQu6Lv1eclNFpduRIFiq_e9kwNbG%7c1358114400; domain=.paypal.com; path=/; Secure; HttpOnly
Set-Cookie: cookie_check=yes; expires=Wed, 11-Jan-2023 22:00:00 GMT; domain=.paypal.com; path=/; Secure; HttpOnly
Set-Cookie: navcmd=_notify-validate; domain=.paypal.com; path=/; Secure; HttpOnly
Set-Cookie: navlns=0.0; expires=Sat, 08-Jan-2033 22:00:00 GMT; domain=.paypal.com; path=/; Secure; HttpOnly
Set-Cookie: Apache=10.72.109.11.1358114399747756; path=/; expires=Tue, 06-Jan-43 21:59:59 GMT
Connection: close
Transfer-Encoding: chunked
Content-Type: text/html; charset=UTF-8

8
VERIFIED
0



[01/13/2013 11:04 PM] - FAIL: IPN Validation Failed.
IPN POST Vars from Paypal:

IPN Response from Paypal Server:
 HTTP/1.1 200 OK
Date: Sun, 13 Jan 2013 22:04:23 GMT
Server: Apache
X-Frame-Options: SAMEORIGIN
Set-Cookie: c9MWDuvPtT9GIMyPc3jwol1VSlO=MOGOSudgLAjnMfEsPAqjy4kToz4qNKDGpJxMskSGIK52seTlR8NUqKpDkrdZyzu8Ox1cc_Ki_rTmbLF2GDyNt9jw5Z-Wvrx9Z3sHURMwcXjOJI2A7OvLmdyXQvNpxG5iWMu2Tm%7cJgkPOlM4aqOnY6psG1XmM2pJ6M9J6EtHyMSdirslhmjl8hAgSBbDyVVSoqq5fUirMAsEFm%7cTkgV6uNTlFma_CwRxJMPOMzaY9i6na2FN_yteIr4T6l_lfuUaAYaJMNkU_al3UBjXqrwwm%7c1358114663; domain=.paypal.com; path=/; Secure; HttpOnly
Set-Cookie: cookie_check=yes; expires=Wed, 11-Jan-2023 22:04:23 GMT; domain=.paypal.com; path=/; Secure; HttpOnly
Set-Cookie: navcmd=_notify-validate; domain=.paypal.com; path=/; Secure; HttpOnly
Set-Cookie: navlns=0.0; expires=Sat, 08-Jan-2033 22:04:23 GMT; domain=.paypal.com; path=/; Secure; HttpOnly
Set-Cookie: Apache=10.72.109.11.1358114663045757; path=/; expires=Tue, 06-Jan-43 22:04:23 GMT
Connection: close
Transfer-Encoding: chunked
Content-Type: text/html; charset=UTF-8

7
INVALID
0



[01/13/2013 11:05 PM] - SUCCESS!
IPN POST Vars from Paypal:
mc_gross=34.00, protection_eligibility=Partially Eligible - INR Only, address_status=unconfirmed, payer_id=ZQKG45BV3XNW8, tax=0.00, address_street=ESpachstr. 1, payment_date=14:05:28 Jan 13, 2013 PST, payment_status=Completed, charset=windows-1252, address_zip=79111, first_name=sascha, mc_fee=1.63, address_country_code=DE, address_name=sascha fritz, notify_version=3.7, custom=411, payer_status=verified, business=_samba_1358073493_biz@googlemail.com, address_country=Germany, address_city=Freiburg, quantity=0, verify_sign=AHjKs2GCjRMDAT7DYxIiX3r4uZtLApPcz3A5XOg9HkXkKtTvE9tpjCUx, payer_email=_samba_1358112367_pre@googlemail.com, txn_id=70K8565879065144L, payment_type=instant, last_name=fritz, address_state=Empty, receiver_email=_samba_1358073493_biz@googlemail.com, payment_fee=1.63, receiver_id=3MMALJFJAGGQG, txn_type=web_accept, item_name=VSTForx, mc_currency=USD, item_number=, residence_country=DE, test_ipn=1, transaction_subject=411, payment_gross=34.00, ipn_track_id=a6da640a6c8de, 
IPN Response from Paypal Server:
 HTTP/1.1 200 OK
Date: Sun, 13 Jan 2013 22:05:35 GMT
Server: Apache
X-Frame-Options: SAMEORIGIN
Set-Cookie: c9MWDuvPtT9GIMyPc3jwol1VSlO=I2wQGB0voe8jkYgmwIeNBUHkV367x60EOyv5ty30-g4zPg--KsW4ddpmG3WgtNnjB_eoZZ_60CupSPhKTTwWJqv_bTSekYFRpRVoov0CQHaoOlNAwo5sp4AHJrvfPbSYmp4UqW%7crOQ0BOlB0HPpsPUZYPSpC3DiMnMG6sVjS0HteL0GVPAM8qj2r-qrIqIod3gmQAcw8_THRm%7cgDBhae-EOkzb7YPW4TN8IVetcrwbFPA3POdQvsZZp4P15-JhUnoaazzGb1QmP1n3j9kdIW%7c1358114735; domain=.paypal.com; path=/; Secure; HttpOnly
Set-Cookie: cookie_check=yes; expires=Wed, 11-Jan-2023 22:05:35 GMT; domain=.paypal.com; path=/; Secure; HttpOnly
Set-Cookie: navcmd=_notify-validate; domain=.paypal.com; path=/; Secure; HttpOnly
Set-Cookie: navlns=0.0; expires=Sat, 08-Jan-2033 22:05:35 GMT; domain=.paypal.com; path=/; Secure; HttpOnly
Set-Cookie: Apache=10.72.109.11.1358114735321368; path=/; expires=Tue, 06-Jan-43 22:05:35 GMT
Connection: close
Transfer-Encoding: chunked
Content-Type: text/html; charset=UTF-8

8
VERIFIED
0



[01/13/2013 11:12 PM] - SUCCESS!
IPN POST Vars from Paypal:
mc_gross=123.00, protection_eligibility=Partially Eligible - INR Only, address_status=unconfirmed, payer_id=ZQKG45BV3XNW8, tax=0.00, address_street=ESpachstr. 1, payment_date=14:11:33 Jan 13, 2013 PST, payment_status=Completed, charset=windows-1252, address_zip=79111, first_name=sascha, mc_fee=5.10, address_country_code=DE, address_name=sascha fritz, notify_version=3.7, custom=411, payer_status=verified, business=_samba_1358073493_biz@googlemail.com, address_country=Germany, address_city=Freiburg, quantity=0, verify_sign=AAEU.YkXUzPCuXq4KcfFblMlCKkZAOtoKpoN-OzuUU.VpYas26YbJPkL, payer_email=_samba_1358112367_pre@googlemail.com, txn_id=4J700035P1391342C, payment_type=instant, last_name=fritz, address_state=Empty, receiver_email=_samba_1358073493_biz@googlemail.com, payment_fee=5.10, receiver_id=3MMALJFJAGGQG, txn_type=web_accept, item_name=VSTForx, mc_currency=USD, item_number=, residence_country=DE, test_ipn=1, transaction_subject=411, payment_gross=123.00, ipn_track_id=2d5871aa6485, 
IPN Response from Paypal Server:
 HTTP/1.1 200 OK
Date: Sun, 13 Jan 2013 22:11:42 GMT
Server: Apache
X-Frame-Options: SAMEORIGIN
Set-Cookie: c9MWDuvPtT9GIMyPc3jwol1VSlO=KmC2PsDXPlDUlt_tAcuF3KaHC30Xa3rp9Y_xqJ4J15044MCan8qL5sC34RMT2CwvR5lfdYzHwW7VsGcurHrWHAy7sdXdsqxXvg1hQcBic32_dZlBdVm3QBgZbzLw3kN7G1F6pW%7cdjR_JrzLDhggb-XZQGHnxA-_2gNx8ZkjoKvDHu93Et6sndSbk4tR8CatQUzJw7Ye9yTd9G%7coixZ1lnqXWiKk5AesATQCelbcXwQPZ_jjGxVrEt9s5_QUZlgeGpjAjRxaW_7GdAiLnmCPm%7c1358115102; domain=.paypal.com; path=/; Secure; HttpOnly
Set-Cookie: cookie_check=yes; expires=Wed, 11-Jan-2023 22:11:42 GMT; domain=.paypal.com; path=/; Secure; HttpOnly
Set-Cookie: navcmd=_notify-validate; domain=.paypal.com; path=/; Secure; HttpOnly
Set-Cookie: navlns=0.0; expires=Sat, 08-Jan-2033 22:11:42 GMT; domain=.paypal.com; path=/; Secure; HttpOnly
Set-Cookie: Apache=10.72.109.11.1358115102074196; path=/; expires=Tue, 06-Jan-43 22:11:42 GMT
Connection: close
Transfer-Encoding: chunked
Content-Type: text/html; charset=UTF-8

8
VERIFIED
0



[01/19/2013 3:05 PM] - SUCCESS!
IPN POST Vars from Paypal:
mc_gross=15.00, protection_eligibility=Ineligible, payer_id=ZQKG45BV3XNW8, tax=0.00, payment_date=06:04:31 Jan 19, 2013 PST, payment_status=Completed, charset=windows-1252, first_name=sascha, mc_fee=0.89, notify_version=3.7, custom=, payer_status=verified, business=_samba_1358073493_biz@googlemail.com, quantity=1, verify_sign=Awh4rgAAQh42iPkqc6xOTAv.3v8wAGa.K5NRiKCoGDmVbJsYBuapQFkc, payer_email=_samba_1358112367_pre@googlemail.com, txn_id=43A194257L652731A, payment_type=instant, btn_id=2689538, last_name=fritz, receiver_email=_samba_1358073493_biz@googlemail.com, payment_fee=0.89, shipping_discount=0.00, insurance_amount=0.00, receiver_id=3MMALJFJAGGQG, txn_type=web_accept, item_name=VSTForx, discount=0.00, mc_currency=USD, item_number=, residence_country=DE, test_ipn=1, handling_amount=0.00, shipping_method=Default, transaction_subject=VSTForx, payment_gross=15.00, shipping=0.00, ipn_track_id=555ad199ac5ad, 
IPN Response from Paypal Server:
 HTTP/1.1 200 OK
Date: Sat, 19 Jan 2013 14:04:37 GMT
Server: Apache
X-Frame-Options: SAMEORIGIN
Set-Cookie: c9MWDuvPtT9GIMyPc3jwol1VSlO=REtosEeObG1ABx_x4SiyrJpk85ozXKasVRqo77xlwwvC-LX9ZWh57ZLc0twftFX3n-gGUINzJhcXMdv0OkSbm9x-SwZEcbyQsfubdwE8afmZ8AwQBAQR00Wvc-01ZLasUUJfY0%7c9-DJ2PxFzP7if7ye1D7RuENWMc1oFHGHxOgzbtwM6P8HkS2JXmjAjpdZ14wVKJ5T3GgzJ0%7cpvdUKOUkhLIp-wcjqE7jxrwgyw7NkYinh3Tx6v-_qzq1BO9kXvzx7NTYw2c6vtZ3zPTHSm%7c1358604278; domain=.paypal.com; path=/; Secure; HttpOnly
Set-Cookie: cookie_check=yes; expires=Tue, 17-Jan-2023 14:04:38 GMT; domain=.paypal.com; path=/; Secure; HttpOnly
Set-Cookie: navcmd=_notify-validate; domain=.paypal.com; path=/; Secure; HttpOnly
Set-Cookie: navlns=0.0; expires=Fri, 14-Jan-2033 14:04:38 GMT; domain=.paypal.com; path=/; Secure; HttpOnly
Set-Cookie: Apache=10.72.109.11.1358604277984039; path=/; expires=Mon, 12-Jan-43 14:04:37 GMT
Connection: close
Transfer-Encoding: chunked
Content-Type: text/html; charset=UTF-8

8
VERIFIED
0



[02/06/2013 11:34 AM] - SUCCESS!
IPN POST Vars from Paypal:
mc_gross=15.00, protection_eligibility=Ineligible, payer_id=ZQKG45BV3XNW8, tax=0.00, payment_date=02:33:54 Feb 06, 2013 PST, payment_status=Completed, charset=windows-1252, first_name=sascha, mc_fee=0.89, notify_version=3.7, custom=420, payer_status=verified, business=_samba_1358073493_biz@googlemail.com, quantity=1, verify_sign=An5ns1Kso7MWUdW4ErQKJJJ4qi4-A078XW-OeDKfh2sn5PIYWs7TcxMP, payer_email=_samba_1358112367_pre@googlemail.com, txn_id=7RU76531T9657642D, payment_type=instant, btn_id=2689538, last_name=fritz, receiver_email=_samba_1358073493_biz@googlemail.com, payment_fee=0.89, shipping_discount=0.00, insurance_amount=0.00, receiver_id=3MMALJFJAGGQG, txn_type=web_accept, item_name=VSTForx, discount=0.00, mc_currency=USD, item_number=, residence_country=DE, test_ipn=1, handling_amount=0.00, shipping_method=Default, transaction_subject=420, payment_gross=15.00, shipping=0.00, ipn_track_id=b7f5787225a5b, 
IPN Response from Paypal Server:
 HTTP/1.1 200 OK
Date: Wed, 06 Feb 2013 10:34:00 GMT
Server: Apache
X-Frame-Options: SAMEORIGIN
Set-Cookie: c9MWDuvPtT9GIMyPc3jwol1VSlO=_43_zwNTRdaBnZLGqxnwKchRxMGLFhGd52tYcld4tKDT9-6HapILef9uXy3BSyRmhveK49SaQgiUra-i6u3YFmnJRz_LNS7h-h5P9GsjpW21FVAVYijTPs9zV7LhwZ7lrD9qQ0%7c28sOQQaJ9Cfwv0AHGXZjKj3h092faLXZ5eq7X-yABOzWtcJgs0VMGfjG6eaD6n9y-PXL2m%7c7j055LyTDt-1LVhoRQ7QbChIbj3sDZAopok82EWaAV5Tv3Q3xiGqZgj2c4aco1Dn58ap7W%7c1360146840; domain=.paypal.com; path=/; Secure; HttpOnly
Set-Cookie: cookie_check=yes; expires=Sat, 04-Feb-2023 10:34:00 GMT; domain=.paypal.com; path=/; Secure; HttpOnly
Set-Cookie: navcmd=_notify-validate; domain=.paypal.com; path=/; Secure; HttpOnly
Set-Cookie: navlns=0.0; expires=Tue, 01-Feb-2033 10:34:00 GMT; domain=.paypal.com; path=/; Secure; HttpOnly
Set-Cookie: Apache=10.72.109.11.1360146840526869; path=/; expires=Fri, 30-Jan-43 10:34:00 GMT
Connection: close
Transfer-Encoding: chunked
Content-Type: text/html; charset=UTF-8

8
VERIFIED
0



[02/06/2013 2:13 PM] - SUCCESS!
IPN POST Vars from Paypal:
mc_gross=15.00, protection_eligibility=Ineligible, payer_id=ZQKG45BV3XNW8, tax=0.00, payment_date=05:13:51 Feb 06, 2013 PST, payment_status=Completed, charset=windows-1252, first_name=sascha, mc_fee=0.89, notify_version=3.7, custom=65, payer_status=verified, business=_samba_1358073493_biz@googlemail.com, quantity=1, verify_sign=AFcWxV21C7fd0v3bYYYRCpSSRl31AiCRbU7rguZ6iYPFk8VHY6J4dDeh, payer_email=_samba_1358112367_pre@googlemail.com, txn_id=9A9934763Y7427035, payment_type=instant, btn_id=2689538, last_name=fritz, receiver_email=_samba_1358073493_biz@googlemail.com, payment_fee=0.89, shipping_discount=0.00, insurance_amount=0.00, receiver_id=3MMALJFJAGGQG, txn_type=web_accept, item_name=VSTForx, discount=0.00, mc_currency=USD, item_number=, residence_country=DE, test_ipn=1, handling_amount=0.00, shipping_method=Default, transaction_subject=65, payment_gross=15.00, shipping=0.00, ipn_track_id=b67ee60dc10b6, 
IPN Response from Paypal Server:
 HTTP/1.1 200 OK
Date: Wed, 06 Feb 2013 13:13:57 GMT
Server: Apache
X-Frame-Options: SAMEORIGIN
Set-Cookie: c9MWDuvPtT9GIMyPc3jwol1VSlO=81jVLm6C8CrH901vJDA6JT-a8gAyyq503Ru8BW1I0wxoZWBmlz8JDYDGAJHxayKxssPiEzx0jxSkYfuiNjRi8--8Hl1qs2Q1tyTNjUW-S7V1Mb6CaZp-wfu5BXgZ6IoieTg08m%7cMh8664IktCgovjAkFWOdbteIZYk0GXx7UIFyXR2HioIbw9XeOctKKBZcnD53G3iXCQhwHG%7cgHBnDr3FjgZ1hMKMoN2qbgDWE9z2RFEVC-R6h1BjqcG3CqfFy0-zsMoPqnz7zJHpiXz5QW%7c1360156438; domain=.paypal.com; path=/; Secure; HttpOnly
Set-Cookie: cookie_check=yes; expires=Sat, 04-Feb-2023 13:13:58 GMT; domain=.paypal.com; path=/; Secure; HttpOnly
Set-Cookie: navcmd=_notify-validate; domain=.paypal.com; path=/; Secure; HttpOnly
Set-Cookie: navlns=0.0; expires=Tue, 01-Feb-2033 13:13:58 GMT; domain=.paypal.com; path=/; Secure; HttpOnly
Set-Cookie: Apache=10.72.109.11.1360156437791923; path=/; expires=Fri, 30-Jan-43 13:13:57 GMT
Connection: close
Transfer-Encoding: chunked
Content-Type: text/html; charset=UTF-8

8
VERIFIED
0



[02/07/2013 3:35 PM] - SUCCESS!
IPN POST Vars from Paypal:
mc_gross=15.00, protection_eligibility=Ineligible, payer_id=JUJD7695EQTYA, tax=0.00, payment_date=06:35:02 Feb 07, 2013 PST, payment_status=Completed, charset=windows-1252, first_name=Hank, mc_fee=0.74, notify_version=3.7, custom=, payer_status=verified, business=_samba_1358073493_biz@googlemail.com, quantity=1, verify_sign=APVaqneLmYkgbSkP1XGBTnkRANdJAEv8MReQ36y48pipGmI.BvBeomHg, payer_email=_samba_1358073606_per@googlemail.com, txn_id=60A60723BD592581S, payment_type=instant, btn_id=2689538, last_name=Proctor, receiver_email=_samba_1358073493_biz@googlemail.com, payment_fee=0.74, shipping_discount=0.00, insurance_amount=0.00, receiver_id=3MMALJFJAGGQG, txn_type=web_accept, item_name=VSTForx, discount=0.00, mc_currency=USD, item_number=3, residence_country=US, test_ipn=1, handling_amount=0.00, shipping_method=Default, transaction_subject=VSTForx, payment_gross=15.00, shipping=0.00, ipn_track_id=1c527541e685f, 
IPN Response from Paypal Server:
 HTTP/1.1 200 OK
Date: Thu, 07 Feb 2013 14:35:07 GMT
Server: Apache
X-Frame-Options: SAMEORIGIN
Set-Cookie: c9MWDuvPtT9GIMyPc3jwol1VSlO=d7DVj8UTHxK3Kiq30fv5mjH7wsaHOm1mjze8c5fvq4Jw_iZOgtYwCFhZxsY4BVA7qmUi0rs3NjZxVvl1-Y4wOuIVas9rlsIQ7qc4au7Ady61aN-cJ2NfxOpHG16URTE8iQ_B1G%7c37QTKo5Gar30hf-YSL4Ep_yT7hLliul27Lcpr-TZRlXUyngNFfwS8nwz-JDgVq_dB-YS7m%7cv42dSQaAq_clGsFf3jIoRsCNTqZiVxhVQaTOsRDmfl-ROUCy7oiughB3a5VO_-5ZXBfHz0%7c1360247707; domain=.paypal.com; path=/; Secure; HttpOnly
Set-Cookie: cookie_check=yes; expires=Sun, 05-Feb-2023 14:35:07 GMT; domain=.paypal.com; path=/; Secure; HttpOnly
Set-Cookie: navcmd=_notify-validate; domain=.paypal.com; path=/; Secure; HttpOnly
Set-Cookie: navlns=0.0; expires=Wed, 02-Feb-2033 14:35:07 GMT; domain=.paypal.com; path=/; Secure; HttpOnly
Set-Cookie: Apache=10.72.109.11.1360247707611216; path=/; expires=Sat, 31-Jan-43 14:35:07 GMT
Connection: close
Transfer-Encoding: chunked
Content-Type: text/html; charset=UTF-8

8
VERIFIED
0



[02/07/2013 3:45 PM] - SUCCESS!
IPN POST Vars from Paypal:
mc_gross=15.00, protection_eligibility=Ineligible, payer_id=ZQKG45BV3XNW8, tax=0.00, payment_date=06:45:46 Feb 07, 2013 PST, payment_status=Completed, charset=windows-1252, first_name=sascha, mc_fee=0.89, notify_version=3.7, custom=, payer_status=verified, business=_samba_1358073493_biz@googlemail.com, quantity=1, verify_sign=AFcWxV21C7fd0v3bYYYRCpSSRl31AIPepox6YXhpktdDdWKLEBa4fRQ., payer_email=_samba_1358112367_pre@googlemail.com, txn_id=2CN091443U018384X, payment_type=instant, btn_id=2689538, last_name=fritz, receiver_email=_samba_1358073493_biz@googlemail.com, payment_fee=0.89, shipping_discount=0.00, insurance_amount=0.00, receiver_id=3MMALJFJAGGQG, txn_type=web_accept, item_name=VSTForx, discount=0.00, mc_currency=USD, item_number=3, residence_country=DE, test_ipn=1, handling_amount=0.00, shipping_method=Default, transaction_subject=VSTForx, payment_gross=15.00, shipping=0.00, ipn_track_id=2b61f0cba044, 
IPN Response from Paypal Server:
 HTTP/1.1 200 OK
Date: Thu, 07 Feb 2013 14:45:52 GMT
Server: Apache
X-Frame-Options: SAMEORIGIN
Set-Cookie: c9MWDuvPtT9GIMyPc3jwol1VSlO=R0h5OhrQ60SL9Iywy4H3IZLLazdPkghW-WApk-FMLi3rH2Zn5Wk-iyokTG-zlbQbfMTSJO99lsW4Nk3MgxlimUL7MDrc5EE4Xc7Hm8f7zhbFBvbuzJXT4HPJtmlwvUWIFBKsRm%7clMbSNTBddn370gcPZv8cdX4qVWrC9kCD4w5fFTYJhCGC9seT8zhO0Mx1nYZC2CGYxauRwm%7cnFqceW-CqnUsklROzMhyQNQNaNq-oUAZheualcK718r324kQVQX0HX4xwt7ISYJL2fBiWm%7c1360248352; domain=.paypal.com; path=/; Secure; HttpOnly
Set-Cookie: cookie_check=yes; expires=Sun, 05-Feb-2023 14:45:52 GMT; domain=.paypal.com; path=/; Secure; HttpOnly
Set-Cookie: navcmd=_notify-validate; domain=.paypal.com; path=/; Secure; HttpOnly
Set-Cookie: navlns=0.0; expires=Wed, 02-Feb-2033 14:45:52 GMT; domain=.paypal.com; path=/; Secure; HttpOnly
Set-Cookie: Apache=10.72.109.11.1360248352444020; path=/; expires=Sat, 31-Jan-43 14:45:52 GMT
Connection: close
Transfer-Encoding: chunked
Content-Type: text/html; charset=UTF-8

8
VERIFIED
0



[02/07/2013 3:50 PM] - SUCCESS!
IPN POST Vars from Paypal:
mc_gross=15.00, protection_eligibility=Ineligible, payer_id=ZQKG45BV3XNW8, tax=0.00, payment_date=06:50:26 Feb 07, 2013 PST, payment_status=Completed, charset=windows-1252, first_name=sascha, mc_fee=0.89, notify_version=3.7, custom=66, payer_status=verified, business=_samba_1358073493_biz@googlemail.com, quantity=1, verify_sign=AX-3qLyeWfcWlyCquBl9s3HFEnvfAZjfmv9vo82bxCFjCcQnKQ6cUfqy, payer_email=_samba_1358112367_pre@googlemail.com, txn_id=2SL99756S5645843B, payment_type=instant, btn_id=2689538, last_name=fritz, receiver_email=_samba_1358073493_biz@googlemail.com, payment_fee=0.89, shipping_discount=0.00, insurance_amount=0.00, receiver_id=3MMALJFJAGGQG, txn_type=web_accept, item_name=VSTForx, discount=0.00, mc_currency=USD, item_number=3, residence_country=DE, test_ipn=1, handling_amount=0.00, shipping_method=Default, transaction_subject=66, payment_gross=15.00, shipping=0.00, ipn_track_id=e09b3534304a4, 
IPN Response from Paypal Server:
 HTTP/1.1 200 OK
Date: Thu, 07 Feb 2013 14:50:34 GMT
Server: Apache
X-Frame-Options: SAMEORIGIN
Set-Cookie: c9MWDuvPtT9GIMyPc3jwol1VSlO=TCeimlHIHlo2NCki0CZmw69yMx293AG5DHPEBkNV2BWyRP4AUwl5eEuEoFLTD44VyZQbFujCNXzbfVE0dk6aTOygZEsGFgMsJT_aSr5sKupoTn2OA6JH7l7ZEx8rSn_6oKXUCW%7czVc_evgj8Wm-FpC-fcVrl6jDbTrdzWl0yUl4ahJAwoRCNQPrhhvh5_1sR-BFj52X0BpDe0%7cWxYIpC7Znv10ok3MIdqdBQhvkPojszVi8Yd01XeYNrGaVqkpZ-vb7lDmYYqxpL2TK9Dk0W%7c1360248634; domain=.paypal.com; path=/; Secure; HttpOnly
Set-Cookie: cookie_check=yes; expires=Sun, 05-Feb-2023 14:50:34 GMT; domain=.paypal.com; path=/; Secure; HttpOnly
Set-Cookie: navcmd=_notify-validate; domain=.paypal.com; path=/; Secure; HttpOnly
Set-Cookie: navlns=0.0; expires=Wed, 02-Feb-2033 14:50:34 GMT; domain=.paypal.com; path=/; Secure; HttpOnly
Set-Cookie: Apache=10.72.109.11.1360248634312135; path=/; expires=Sat, 31-Jan-43 14:50:34 GMT
Connection: close
Transfer-Encoding: chunked
Content-Type: text/html; charset=UTF-8

8
VERIFIED
0



[02/08/2013 10:29 AM] - SUCCESS!
IPN POST Vars from Paypal:
mc_gross=15.00, protection_eligibility=Ineligible, payer_id=ZQKG45BV3XNW8, tax=0.00, payment_date=01:29:13 Feb 08, 2013 PST, payment_status=Completed, charset=windows-1252, first_name=sascha, mc_fee=0.89, notify_version=3.7, custom=65, payer_status=verified, business=_samba_1358073493_biz@googlemail.com, quantity=1, verify_sign=An5ns1Kso7MWUdW4ErQKJJJ4qi4-Akq4VyBJZxZa-Du3jvt.1MK3oaT6, payer_email=_samba_1358112367_pre@googlemail.com, txn_id=5NK042816P669161W, payment_type=instant, btn_id=2689538, last_name=fritz, receiver_email=_samba_1358073493_biz@googlemail.com, payment_fee=0.89, shipping_discount=0.00, insurance_amount=0.00, receiver_id=3MMALJFJAGGQG, txn_type=web_accept, item_name=VSTForx, discount=0.00, mc_currency=USD, item_number=3, residence_country=DE, test_ipn=1, handling_amount=0.00, shipping_method=Default, transaction_subject=65, payment_gross=15.00, shipping=0.00, ipn_track_id=2860591fa9ab5, 
IPN Response from Paypal Server:
 HTTP/1.1 200 OK
Date: Fri, 08 Feb 2013 09:29:19 GMT
Server: Apache
X-Frame-Options: SAMEORIGIN
Set-Cookie: c9MWDuvPtT9GIMyPc3jwol1VSlO=zyboy6dxGT3KJchFsdLr0OEh1We5tTcZVNRf3-9DCyo0-hhY9CrRAD3Nz2godLR2m8OMPQc6vZceRZTSYhuPS-kJsg7HkaXRslsAfw1t4Hlz9hRDG6l4Tlc3GMK52FS8pHFUfW%7cHvUwNMJylIMZUVNwxZ0yppKRoxTDAGwYEHIjPRVCzrM8u6UYdDV434GFeBHnw7ixXgM8Xm%7cUG2L2jqiUYKEakEeQ3Jb3ANIVgwf235l6hJZJhWam924C3nXcoTlD4IL65vMx_551BAaiG%7c1360315760; domain=.paypal.com; path=/; Secure; HttpOnly
Set-Cookie: cookie_check=yes; expires=Mon, 06-Feb-2023 09:29:20 GMT; domain=.paypal.com; path=/; Secure; HttpOnly
Set-Cookie: navcmd=_notify-validate; domain=.paypal.com; path=/; Secure; HttpOnly
Set-Cookie: navlns=0.0; expires=Thu, 03-Feb-2033 09:29:20 GMT; domain=.paypal.com; path=/; Secure; HttpOnly
Set-Cookie: Apache=10.72.109.11.1360315759937079; path=/; expires=Sun, 01-Feb-43 09:29:19 GMT
Connection: close
Transfer-Encoding: chunked
Content-Type: text/html; charset=UTF-8

8
VERIFIED
0



[03/18/2013 11:03 AM] - FAIL: IPN Validation Failed.
IPN POST Vars from Paypal:

IPN Response from Paypal Server:
 HTTP/1.1 200 OK
Date: Mon, 18 Mar 2013 10:03:58 GMT
Server: Apache
X-Frame-Options: SAMEORIGIN
Set-Cookie: c9MWDuvPtT9GIMyPc3jwol1VSlO=FzkD4Lbgv4oNFhH7XrKNH7TKfwySyvHYqi15vqRp5uV2DdQDzd2GX5Fvy4kPYIh2HDUdOuQz5et0sE2KpRDu_C6OgVwl99tKT8CQayOF8utZvL49gwcUAIDHh-Rgx3ZXWrlXoG%7cXnT9S78NdxEhFGvOm5ZlKrQ4_iK4kNW5kQIAJ4fnhoXgiXiFyImm-04MxXYUGlpp-0zCAW%7cWKDk_XF0yweLD3oGs3G0uATGxTvgT3LM9BpClkeBY-iUA0giYp9BPaMTaJqVZb63AXd3X0%7c1363601038; domain=.paypal.com; path=/; Secure; HttpOnly
Set-Cookie: cookie_check=yes; expires=Thu, 16-Mar-2023 10:03:58 GMT; domain=.paypal.com; path=/; Secure; HttpOnly
Set-Cookie: navcmd=_notify-validate; domain=.paypal.com; path=/; Secure; HttpOnly
Set-Cookie: navlns=0.0; expires=Sun, 13-Mar-2033 10:03:58 GMT; domain=.paypal.com; path=/; Secure; HttpOnly
Set-Cookie: Apache=10.72.109.11.1363601038371870; path=/; expires=Wed, 11-Mar-43 10:03:58 GMT
Connection: close
Transfer-Encoding: chunked
Content-Type: text/html; charset=UTF-8

7
INVALID
0



[03/18/2013 11:35 AM] - SUCCESS!
IPN POST Vars from Paypal:
mc_gross=15.00, protection_eligibility=Ineligible, payer_id=JUJD7695EQTYA, tax=0.00, payment_date=03:35:09 Mar 18, 2013 PDT, payment_status=Completed, charset=windows-1252, first_name=Hank, mc_fee=0.74, notify_version=3.7, custom=70, payer_status=verified, business=_samba_1358073493_biz@googlemail.com, quantity=1, verify_sign=AIk-Fem31GtvdBT5oNSGUsCmXsiOAvG6LP30C..1Tmk3TmnbxQwMBwLX, payer_email=_samba_1358073606_per@googlemail.com, txn_id=2UT5100764763960L, payment_type=instant, btn_id=2689538, last_name=Proctor, receiver_email=_samba_1358073493_biz@googlemail.com, payment_fee=0.74, shipping_discount=0.00, insurance_amount=0.00, receiver_id=3MMALJFJAGGQG, txn_type=web_accept, item_name=VSTForx, discount=0.00, mc_currency=USD, item_number=3, residence_country=US, test_ipn=1, handling_amount=0.00, shipping_method=Default, transaction_subject=70, payment_gross=15.00, shipping=0.00, ipn_track_id=39d28b56b2ee7, 
IPN Response from Paypal Server:
 HTTP/1.1 200 OK
Date: Mon, 18 Mar 2013 10:35:17 GMT
Server: Apache
X-Frame-Options: SAMEORIGIN
Set-Cookie: c9MWDuvPtT9GIMyPc3jwol1VSlO=ddlXa55NLDU_6r5v1VSP4BX796WQTIAOd981uqhx7iwQPzkIIFVzy0m3mYkBnZP9UsBPLmZhsoVDXeqQgBJvEjNVG8J6YLb_vi1BvqHzFy4z7uLDrkUkxJdx89chCZz8EbnJGm%7cQeQhlLtpLdhUETN4TpKozvo-uWbBBmqnGlmtFEaRV12OQOPKnE9XtqJfSOyO2JpEkomf4m%7cePr96nt47VGNGmdc2pmb0L0qZvYNXPY-HguZXs0aI0S8RQGzTaQDrhgvvF-8Sal6j5eVwG%7c1363602917; domain=.paypal.com; path=/; Secure; HttpOnly
Set-Cookie: cookie_check=yes; expires=Thu, 16-Mar-2023 10:35:17 GMT; domain=.paypal.com; path=/; Secure; HttpOnly
Set-Cookie: navcmd=_notify-validate; domain=.paypal.com; path=/; Secure; HttpOnly
Set-Cookie: navlns=0.0; expires=Sun, 13-Mar-2033 10:35:17 GMT; domain=.paypal.com; path=/; Secure; HttpOnly
Set-Cookie: Apache=10.72.109.11.1363602917233489; path=/; expires=Wed, 11-Mar-43 10:35:17 GMT
Connection: close
Transfer-Encoding: chunked
Content-Type: text/html; charset=UTF-8

8
VERIFIED
0



[03/18/2013 11:38 AM] - SUCCESS!
IPN POST Vars from Paypal:
mc_gross=15.00, protection_eligibility=Ineligible, payer_id=JUJD7695EQTYA, tax=0.00, payment_date=03:38:49 Mar 18, 2013 PDT, payment_status=Completed, charset=windows-1252, first_name=Hank, mc_fee=0.74, notify_version=3.7, custom=70, payer_status=verified, business=_samba_1358073493_biz@googlemail.com, quantity=1, verify_sign=Aos6u5Gzkd9G5chXKEQwyxhwF1zsAtGAheV-XCW5vInxzwnQQzjPVPU2, payer_email=_samba_1358073606_per@googlemail.com, txn_id=4WS49320NC5129042, payment_type=instant, btn_id=2689538, last_name=Proctor, receiver_email=_samba_1358073493_biz@googlemail.com, payment_fee=0.74, shipping_discount=0.00, insurance_amount=0.00, receiver_id=3MMALJFJAGGQG, txn_type=web_accept, item_name=VSTForx, discount=0.00, mc_currency=USD, item_number=3, residence_country=US, test_ipn=1, handling_amount=0.00, shipping_method=Default, transaction_subject=70, payment_gross=15.00, shipping=0.00, ipn_track_id=659af4181d541, 
IPN Response from Paypal Server:
 HTTP/1.1 200 OK
Date: Mon, 18 Mar 2013 10:38:56 GMT
Server: Apache
X-Frame-Options: SAMEORIGIN
Set-Cookie: c9MWDuvPtT9GIMyPc3jwol1VSlO=1Hfbq7SKXJAUEjyq4NXCG-ND52UKTmxxPdb-dkq6KTxvHLVMwlyli01ZLxcTm_CH5TyfQX0vYQz5BBNiOWsbA_c42M6hL5Ack79vcYwLyel2radmqjLUUTWXuCYaBhJrkRIy0G%7cZKlINH82sZjz5XPPLRtjHjQOXVxeTQFwzlE-jgPlNr_aCJVxhvWRMdN1S_4yU8D-VNkOP0%7cveOMMucY4FcJdlsFfAv1SvMzgTFNRu9esim_6K1VCNPKUxsBGl8cV0ekzTGkSHGp99GdUG%7c1363603136; domain=.paypal.com; path=/; Secure; HttpOnly
Set-Cookie: cookie_check=yes; expires=Thu, 16-Mar-2023 10:38:56 GMT; domain=.paypal.com; path=/; Secure; HttpOnly
Set-Cookie: navcmd=_notify-validate; domain=.paypal.com; path=/; Secure; HttpOnly
Set-Cookie: navlns=0.0; expires=Sun, 13-Mar-2033 10:38:56 GMT; domain=.paypal.com; path=/; Secure; HttpOnly
Set-Cookie: Apache=10.72.109.11.1363603136088032; path=/; expires=Wed, 11-Mar-43 10:38:56 GMT
Connection: close
Transfer-Encoding: chunked
Content-Type: text/html; charset=UTF-8

8
VERIFIED
0



[03/20/2013 2:03 PM] - SUCCESS!
IPN POST Vars from Paypal:
mc_gross=15.00, protection_eligibility=Ineligible, payer_id=JUJD7695EQTYA, tax=0.00, payment_date=06:02:54 Mar 20, 2013 PDT, payment_status=Completed, charset=windows-1252, first_name=Hank, mc_fee=0.74, notify_version=3.7, custom=, payer_status=verified, business=_samba_1358073493_biz@googlemail.com, quantity=1, verify_sign=AWlmtAlVDG.hIivrGyvhtSUJEwpmAP7gBY.dlBt2gFHH6BxHASugsSIm, payer_email=_samba_1358073606_per@googlemail.com, txn_id=2GM16850JL028982K, payment_type=instant, btn_id=2689538, last_name=Proctor, receiver_email=_samba_1358073493_biz@googlemail.com, payment_fee=0.74, shipping_discount=0.00, insurance_amount=0.00, receiver_id=3MMALJFJAGGQG, txn_type=web_accept, item_name=VSTForx, discount=0.00, mc_currency=USD, item_number=3, residence_country=US, test_ipn=1, handling_amount=0.00, shipping_method=Default, transaction_subject=VSTForx, payment_gross=15.00, shipping=0.00, ipn_track_id=4aab0231206c0, 
IPN Response from Paypal Server:
 HTTP/1.1 200 OK
Date: Wed, 20 Mar 2013 13:03:00 GMT
Server: Apache
X-Frame-Options: SAMEORIGIN
Set-Cookie: c9MWDuvPtT9GIMyPc3jwol1VSlO=xH2OZusYx8TZb3L4rcNeRBppMaGsdCt0pvtSPs5BFfQY_jkdehUOkIXdVcgyeNNP_DucKzFipfL8mJ-zTvig0Rtqi-1OIlEpSOHGrF5flDoFGe5KzbQPa5oUssuoZn_l3ez2T0%7ca11nJHW_2XXqD1YgPvUYWHzbVPOPQoY5AiC5ujNOXvyAYmm4W5dPXBNnQjAfAd6yomEExm%7cEHee1QcbTTMttHNT-Vrntp-4UHcXIW805spsYRK_pm7CqUDBsdMi9tIwCze0DbVC4b1ijm%7c1363784580; domain=.paypal.com; path=/; Secure; HttpOnly
Set-Cookie: cookie_check=yes; expires=Sat, 18-Mar-2023 13:03:00 GMT; domain=.paypal.com; path=/; Secure; HttpOnly
Set-Cookie: navcmd=_notify-validate; domain=.paypal.com; path=/; Secure; HttpOnly
Set-Cookie: navlns=0.0; expires=Tue, 15-Mar-2033 13:03:00 GMT; domain=.paypal.com; path=/; Secure; HttpOnly
Set-Cookie: Apache=10.72.109.11.1363784580234311; path=/; expires=Fri, 13-Mar-43 13:03:00 GMT
Connection: close
Transfer-Encoding: chunked
Content-Type: text/html; charset=UTF-8

8
VERIFIED
0



[03/20/2013 2:10 PM] - FAIL: IPN Validation Failed.
IPN POST Vars from Paypal:

IPN Response from Paypal Server:
 HTTP/1.1 200 OK
Date: Wed, 20 Mar 2013 13:10:19 GMT
Server: Apache
X-Frame-Options: SAMEORIGIN
Set-Cookie: c9MWDuvPtT9GIMyPc3jwol1VSlO=c1cq8R4merDPIF-GYHHcI8tpOlsBaup6nkTPKaGxzFVXQ0pRZnu3g3PUuzc77hKTes5Cfs6v3esiXmBgwKTSoMaRQ6KqjpcUIA7z2BD8DHsfpfGLEfOI97x-jNzWPs_zynpwNW%7cWq6Oc_EwtPDYHjoxoatCcq4J1Nin1GuDPs_PlzHBBo37efiwbF2DtO2UMY8ZJjSUay8un0%7cbGqKpoZxvzNr_GevDDwb2rM5k7Li0c-_-DtwtMDO5YMglBvUZ-Dcp11KhJKf7-TgABjRum%7c1363785020; domain=.paypal.com; path=/; Secure; HttpOnly
Set-Cookie: cookie_check=yes; expires=Sat, 18-Mar-2023 13:10:20 GMT; domain=.paypal.com; path=/; Secure; HttpOnly
Set-Cookie: navcmd=_notify-validate; domain=.paypal.com; path=/; Secure; HttpOnly
Set-Cookie: navlns=0.0; expires=Tue, 15-Mar-2033 13:10:20 GMT; domain=.paypal.com; path=/; Secure; HttpOnly
Set-Cookie: Apache=10.72.109.11.1363785019701209; path=/; expires=Fri, 13-Mar-43 13:10:19 GMT
Connection: close
Transfer-Encoding: chunked
Content-Type: text/html; charset=UTF-8

7
INVALID
0



[03/20/2013 2:11 PM] - SUCCESS!
IPN POST Vars from Paypal:
mc_gross=15.00, protection_eligibility=Ineligible, payer_id=JUJD7695EQTYA, tax=0.00, payment_date=06:11:01 Mar 20, 2013 PDT, payment_status=Completed, charset=windows-1252, first_name=Hank, mc_fee=0.74, notify_version=3.7, custom=, payer_status=verified, business=_samba_1358073493_biz@googlemail.com, quantity=1, verify_sign=AKftnclQzaLUvv2dvxDcq80EljD6AKdu0ziMqAcg7WTtXuB.xxsjFwD9, payer_email=_samba_1358073606_per@googlemail.com, txn_id=5FH40810A5113683E, payment_type=instant, btn_id=2689538, last_name=Proctor, receiver_email=_samba_1358073493_biz@googlemail.com, payment_fee=0.74, shipping_discount=0.00, insurance_amount=0.00, receiver_id=3MMALJFJAGGQG, txn_type=web_accept, item_name=VSTForx, discount=0.00, mc_currency=USD, item_number=3, residence_country=US, test_ipn=1, handling_amount=0.00, shipping_method=Default, transaction_subject=VSTForx, payment_gross=15.00, shipping=0.00, ipn_track_id=3be50cbd2e14, 
IPN Response from Paypal Server:
 HTTP/1.1 200 OK
Date: Wed, 20 Mar 2013 13:11:06 GMT
Server: Apache
X-Frame-Options: SAMEORIGIN
Set-Cookie: c9MWDuvPtT9GIMyPc3jwol1VSlO=fZHhleSIT0b1cLDK4RjpQd_1Qi2_aKFGruZfWMxUG4QNbVEMAMFMuwjfetESa_TS2kAE4UGCH6WZIBMk7lvDm4T_yxi6rtj6tqspC1PGipDPFAMV2dqCeDxEjHL3lsE7tD-1tG%7c-YlIjsWDfLxFWPf26MXlXAR4LHzFHnwTLusW53HVL7eBLrCoUP9E0vNdc1pO9ds3P1RctG%7csN5qres6-UeDbtBth8-HrpC1OJ9ayyhg39enZB3nT_OoBwGAPgIPc2VzMo2zbNGhCLCk60%7c1363785066; domain=.paypal.com; path=/; Secure; HttpOnly
Set-Cookie: cookie_check=yes; expires=Sat, 18-Mar-2023 13:11:06 GMT; domain=.paypal.com; path=/; Secure; HttpOnly
Set-Cookie: navcmd=_notify-validate; domain=.paypal.com; path=/; Secure; HttpOnly
Set-Cookie: navlns=0.0; expires=Tue, 15-Mar-2033 13:11:06 GMT; domain=.paypal.com; path=/; Secure; HttpOnly
Set-Cookie: Apache=10.72.109.11.1363785066518303; path=/; expires=Fri, 13-Mar-43 13:11:06 GMT
Connection: close
Transfer-Encoding: chunked
Content-Type: text/html; charset=UTF-8

8
VERIFIED
0



[03/20/2013 2:48 PM] - FAIL: IPN Validation Failed.
IPN POST Vars from Paypal:

IPN Response from Paypal Server:
 HTTP/1.1 200 OK
Date: Wed, 20 Mar 2013 13:48:03 GMT
Server: Apache
X-Frame-Options: SAMEORIGIN
Set-Cookie: c9MWDuvPtT9GIMyPc3jwol1VSlO=xztAufu3qU1ldQ2e-TXNde64y2li1KnV1LMR5poSQyMVCoR9BZ_IoecFkX4EXF4DNiJhoKk72lgy0L2DgKIw64W00JxcjHz822pJSc4xph8VQh36QdjOlppwKLEl2CCBw5De00%7cot76k7Wl-fnnvfIPQE1yWbJtYucvnEJ02lSJozDC2SsODn_GH9SWsQYBcOq4v5ik66sL8G%7cJPu0JLadSmbijp7cRkDLRZuBCbtckJS0uAZBpvLYvEhk5WF48IYnnMKFJQMAS6eQ-BK3nG%7c1363787283; domain=.paypal.com; path=/; Secure; HttpOnly
Set-Cookie: cookie_check=yes; expires=Sat, 18-Mar-2023 13:48:03 GMT; domain=.paypal.com; path=/; Secure; HttpOnly
Set-Cookie: navcmd=_notify-validate; domain=.paypal.com; path=/; Secure; HttpOnly
Set-Cookie: navlns=0.0; expires=Tue, 15-Mar-2033 13:48:03 GMT; domain=.paypal.com; path=/; Secure; HttpOnly
Set-Cookie: Apache=10.72.109.11.1363787283210373; path=/; expires=Fri, 13-Mar-43 13:48:03 GMT
Connection: close
Transfer-Encoding: chunked
Content-Type: text/html; charset=UTF-8

7
INVALID
0



[03/20/2013 2:49 PM] - FAIL: IPN Validation Failed.
IPN POST Vars from Paypal:

IPN Response from Paypal Server:
 HTTP/1.1 200 OK
Date: Wed, 20 Mar 2013 13:49:52 GMT
Server: Apache
X-Frame-Options: SAMEORIGIN
Set-Cookie: c9MWDuvPtT9GIMyPc3jwol1VSlO=Kokf8QfmM3t3gA0Ns6Oi9ledSHCw-r-u2Hxx4gpJfLMdSylvRgyMrVhwrdSmBb8jQCXZ1INKFEhWubjbtvrL-Hrdntx3_ned3p49EGOGeVeV7F3lyj-qyxAhFqQ27qoIhwm8fG%7caBcMB85zDBgH0_xW0F8wF-BC-kUIfUpvWfKs3Z6NP2iiLsULdi-08vKY0SIBFj7c3SGi4m%7c03uLiL_F79ve1pZx4k9Meo-n4XY29_UjDQlRZTfVPdaEyxpqV_HkAlU04K8kpFYNAE3ZXW%7c1363787393; domain=.paypal.com; path=/; Secure; HttpOnly
Set-Cookie: cookie_check=yes; expires=Sat, 18-Mar-2023 13:49:53 GMT; domain=.paypal.com; path=/; Secure; HttpOnly
Set-Cookie: navcmd=_notify-validate; domain=.paypal.com; path=/; Secure; HttpOnly
Set-Cookie: navlns=0.0; expires=Tue, 15-Mar-2033 13:49:53 GMT; domain=.paypal.com; path=/; Secure; HttpOnly
Set-Cookie: Apache=10.72.109.11.1363787392813462; path=/; expires=Fri, 13-Mar-43 13:49:52 GMT
Connection: close
Transfer-Encoding: chunked
Content-Type: text/html; charset=UTF-8

7
INVALID
0



[03/20/2013 2:51 PM] - FAIL: IPN Validation Failed.
IPN POST Vars from Paypal:

IPN Response from Paypal Server:
 HTTP/1.1 200 OK
Date: Wed, 20 Mar 2013 13:51:00 GMT
Server: Apache
X-Frame-Options: SAMEORIGIN
Set-Cookie: c9MWDuvPtT9GIMyPc3jwol1VSlO=jNSTNIAgAk0s4MaQ8rzJ2qfLo0RTGRSWzSC7KGTXcaO-NmYe-O--UEmHJfrTmDmCU_9cDopLCm9j0YLimubeGmLo66F67N04z78wVwtaFDk8yHxOAydoOX5LZHRKJJDxn1apdG%7clCDn3PKPiFRgiWIeeMn499SnINoeQ1MtkgiEiFdkXdvY-qlw-kswjrY1EzniBgA1iIZ42m%7cpZOz-PGUtKyQqC8kaG0qiov6VJiXRKqXyjuQuNHAHnvRKX2tbDb7oIj-5TfaW8kwoS_CSW%7c1363787460; domain=.paypal.com; path=/; Secure; HttpOnly
Set-Cookie: cookie_check=yes; expires=Sat, 18-Mar-2023 13:51:00 GMT; domain=.paypal.com; path=/; Secure; HttpOnly
Set-Cookie: navcmd=_notify-validate; domain=.paypal.com; path=/; Secure; HttpOnly
Set-Cookie: navlns=0.0; expires=Tue, 15-Mar-2033 13:51:00 GMT; domain=.paypal.com; path=/; Secure; HttpOnly
Set-Cookie: Apache=10.72.109.11.1363787460616980; path=/; expires=Fri, 13-Mar-43 13:51:00 GMT
Connection: close
Transfer-Encoding: chunked
Content-Type: text/html; charset=UTF-8

7
INVALID
0



[03/20/2013 3:39 PM] - FAIL: IPN Validation Failed.
IPN POST Vars from Paypal:

IPN Response from Paypal Server:
 HTTP/1.1 200 OK
Date: Wed, 20 Mar 2013 14:39:44 GMT
Server: Apache
X-Frame-Options: SAMEORIGIN
Set-Cookie: c9MWDuvPtT9GIMyPc3jwol1VSlO=cla11Qh7lJnxUKPIBVLbyk4zf0VjogFbCejEmupZdwLGy0T_HVD7inYgWF3ttox0U9INMNpQ-4T9Tc6CdhK5gyiFl1reGPK6WMki06dCZXMXC02-nCbGxh3cvVx3GgwphDzrpG%7cXx3IvRJb-tMSxJbkn-yZ4p-mkKeQTsCELQ-UnaPSa_PCXxWFSCOKC_PxlIcInc4nvoJNmm%7c9AhIFYXUBkX4jLLNU9Vg09a1GQWKnQ3SstvWjgAFkZvk9CpbfbCqQQslVTIt6i0Fwp5kwm%7c1363790384; domain=.paypal.com; path=/; Secure; HttpOnly
Set-Cookie: cookie_check=yes; expires=Sat, 18-Mar-2023 14:39:44 GMT; domain=.paypal.com; path=/; Secure; HttpOnly
Set-Cookie: navcmd=_notify-validate; domain=.paypal.com; path=/; Secure; HttpOnly
Set-Cookie: navlns=0.0; expires=Tue, 15-Mar-2033 14:39:44 GMT; domain=.paypal.com; path=/; Secure; HttpOnly
Set-Cookie: Apache=10.72.109.11.1363790384414564; path=/; expires=Fri, 13-Mar-43 14:39:44 GMT
Connection: close
Transfer-Encoding: chunked
Content-Type: text/html; charset=UTF-8

7
INVALID
0



[03/20/2013 3:40 PM] - FAIL: IPN Validation Failed.
IPN POST Vars from Paypal:

IPN Response from Paypal Server:
 HTTP/1.1 200 OK
Date: Wed, 20 Mar 2013 14:40:34 GMT
Server: Apache
X-Frame-Options: SAMEORIGIN
Set-Cookie: c9MWDuvPtT9GIMyPc3jwol1VSlO=bMG4xP0D-_pSVNmczhRD-bYB5wGQ2oAzElRPK9h4q2RbYh7m0d2rOiU3e2dfgqw6i6p09JCKfSiaO-DOwihexvqDBA_5hlc4tt0___HWWrtue9kYBJuQRdTMihxckdqwM4-220%7cUNSabn6n_uR2HCJR6QjZNfSJXUROJueACbUiNvErzDNRYUcEeI2dhDFNpTY5TCQ4acEMLW%7cq2JkeUxYykvJgwKOpn0AiZ8XOT1htkzn48orI7XgzV2o7n7ScpmwHLjmrQUdBVhndnG-UW%7c1363790434; domain=.paypal.com; path=/; Secure; HttpOnly
Set-Cookie: cookie_check=yes; expires=Sat, 18-Mar-2023 14:40:34 GMT; domain=.paypal.com; path=/; Secure; HttpOnly
Set-Cookie: navcmd=_notify-validate; domain=.paypal.com; path=/; Secure; HttpOnly
Set-Cookie: navlns=0.0; expires=Tue, 15-Mar-2033 14:40:34 GMT; domain=.paypal.com; path=/; Secure; HttpOnly
Set-Cookie: Apache=10.72.109.11.1363790434173989; path=/; expires=Fri, 13-Mar-43 14:40:34 GMT
Connection: close
Transfer-Encoding: chunked
Content-Type: text/html; charset=UTF-8

7
INVALID
0



[03/20/2013 3:41 PM] - FAIL: IPN Validation Failed.
IPN POST Vars from Paypal:

IPN Response from Paypal Server:
 HTTP/1.1 200 OK
Date: Wed, 20 Mar 2013 14:41:31 GMT
Server: Apache
X-Frame-Options: SAMEORIGIN
Set-Cookie: c9MWDuvPtT9GIMyPc3jwol1VSlO=HlQs-7cJc-llMXlW7Mu978CN4YjgiGstruA-auwInej8kmH9fsEt7WdxdxNlMewlg73rMsGJZ9-0giBeO_C83g2wxFqZVQAiBKJnAVKgouJbb_56j7aVHpGaqSuND_G1343gz0%7c4_ipTf8jbGd9r9NFxpxPR0WutoWIajMjZxPwt9ZqR6BmaiVkaH0FLZ_au0Tf5S8ORbKJX0%7chjxZKjey8CpKBxWMIEGKKtxI_ebk4ZkdupQU_--1Uj7snH0lei1zK7xR8F52y5K8_2Ps60%7c1363790491; domain=.paypal.com; path=/; Secure; HttpOnly
Set-Cookie: cookie_check=yes; expires=Sat, 18-Mar-2023 14:41:31 GMT; domain=.paypal.com; path=/; Secure; HttpOnly
Set-Cookie: navcmd=_notify-validate; domain=.paypal.com; path=/; Secure; HttpOnly
Set-Cookie: navlns=0.0; expires=Tue, 15-Mar-2033 14:41:31 GMT; domain=.paypal.com; path=/; Secure; HttpOnly
Set-Cookie: Apache=10.72.109.11.1363790491153062; path=/; expires=Fri, 13-Mar-43 14:41:31 GMT
Connection: close
Transfer-Encoding: chunked
Content-Type: text/html; charset=UTF-8

7
INVALID
0



[03/20/2013 3:48 PM] - FAIL: IPN Validation Failed.
IPN POST Vars from Paypal:

IPN Response from Paypal Server:
 HTTP/1.1 200 OK
Date: Wed, 20 Mar 2013 14:48:16 GMT
Server: Apache
X-Frame-Options: SAMEORIGIN
Set-Cookie: c9MWDuvPtT9GIMyPc3jwol1VSlO=4vcvc8YXpEqhX3KEbMVE0ZFmSfj8TlB7aDSQ_Qut6zyRO58vrtAF5v0FPpPjDOH5VeWckIQKNAqq-TOQRU7jxFYNdlrHHZ9I7W-C6GgIWmdMJkmHca2DWnKK8X_egdxUS8do6G%7cwnY8zFkGB0a8jy7Lu3jLMhLmI_eV7mH8ZOSR2fnoqHOo3a79G9goXLNxUm7JZfEw0zS28m%7cwXONo0Oqk-Cz9SN2P8k0gXqLerxxopeKOwcqyq8T4p4MyW65eV9ByYIgCZs2SLH3NH8EWm%7c1363790897; domain=.paypal.com; path=/; Secure; HttpOnly
Set-Cookie: cookie_check=yes; expires=Sat, 18-Mar-2023 14:48:17 GMT; domain=.paypal.com; path=/; Secure; HttpOnly
Set-Cookie: navcmd=_notify-validate; domain=.paypal.com; path=/; Secure; HttpOnly
Set-Cookie: navlns=0.0; expires=Tue, 15-Mar-2033 14:48:17 GMT; domain=.paypal.com; path=/; Secure; HttpOnly
Set-Cookie: Apache=10.72.109.11.1363790896877654; path=/; expires=Fri, 13-Mar-43 14:48:16 GMT
Connection: close
Transfer-Encoding: chunked
Content-Type: text/html; charset=UTF-8

7
INVALID
0



[03/20/2013 3:48 PM] - FAIL: IPN Validation Failed.
IPN POST Vars from Paypal:

IPN Response from Paypal Server:
 HTTP/1.1 200 OK
Date: Wed, 20 Mar 2013 14:48:22 GMT
Server: Apache
X-Frame-Options: SAMEORIGIN
Set-Cookie: c9MWDuvPtT9GIMyPc3jwol1VSlO=xa6JItgdbTbauo68oqgWEhYfrMbpNoercKkgIUHDMJ8PJRdpSWfud_dGWUP56eoAGvfT1isgAmBQv2slItnGyIdEENYvYW7HOQSkfPKp4s_rIWVhACdQUgMpIQ9rTTkYVGhyzW%7c8Avy64qBCHgbhrugqYdKElSnxFaA_crdBXoIM4S-6fLGxjcBj-Ywex4tBUtnrMJnpw6rmm%7cDjz_H2uSYXH5JvMuQ4syl92mJtfQ_ruSqwQXHDBQaNozTsYQ17s9JBqgS4BX2thG8IZlf0%7c1363790903; domain=.paypal.com; path=/; Secure; HttpOnly
Set-Cookie: cookie_check=yes; expires=Sat, 18-Mar-2023 14:48:23 GMT; domain=.paypal.com; path=/; Secure; HttpOnly
Set-Cookie: navcmd=_notify-validate; domain=.paypal.com; path=/; Secure; HttpOnly
Set-Cookie: navlns=0.0; expires=Tue, 15-Mar-2033 14:48:23 GMT; domain=.paypal.com; path=/; Secure; HttpOnly
Set-Cookie: Apache=10.72.109.11.1363790902723635; path=/; expires=Fri, 13-Mar-43 14:48:22 GMT
Connection: close
Transfer-Encoding: chunked
Content-Type: text/html; charset=UTF-8

7
INVALID
0



[03/20/2013 3:50 PM] - FAIL: IPN Validation Failed.
IPN POST Vars from Paypal:

IPN Response from Paypal Server:
 HTTP/1.1 200 OK
Date: Wed, 20 Mar 2013 14:50:00 GMT
Server: Apache
X-Frame-Options: SAMEORIGIN
Set-Cookie: c9MWDuvPtT9GIMyPc3jwol1VSlO=vtLWChi3jaX5YSBcP4VTNPvf-Rbx27EgmR4W7Gdt6ecGxD9dE-mWM7AqCJ8kvrgvaRs7A1QRPWx7_RWiQsHVZaUIUy2GNmkFR_yXy4v6ouqSLcHYpAlplPCdyra8hieXrmYqUm%7cmWlBMYymjJhnA3JODrCzZmfsxJpT5SOxILDnrLS4EAKOI4f6rQ7NkelVpQBCrafpe9Kfh0%7cP0oU5StjAPyHiy6xQ5LbQpKv5zcbpTtWEaIj7wWmE45YquxDjc-V8N1ARLKgndYizWgfRm%7c1363791001; domain=.paypal.com; path=/; Secure; HttpOnly
Set-Cookie: cookie_check=yes; expires=Sat, 18-Mar-2023 14:50:01 GMT; domain=.paypal.com; path=/; Secure; HttpOnly
Set-Cookie: navcmd=_notify-validate; domain=.paypal.com; path=/; Secure; HttpOnly
Set-Cookie: navlns=0.0; expires=Tue, 15-Mar-2033 14:50:01 GMT; domain=.paypal.com; path=/; Secure; HttpOnly
Set-Cookie: Apache=10.72.109.11.1363791000855998; path=/; expires=Fri, 13-Mar-43 14:50:00 GMT
Connection: close
Transfer-Encoding: chunked
Content-Type: text/html; charset=UTF-8

7
INVALID
0



[03/20/2013 3:55 PM] - FAIL: IPN Validation Failed.
IPN POST Vars from Paypal:

IPN Response from Paypal Server:
 HTTP/1.1 200 OK
Date: Wed, 20 Mar 2013 14:55:55 GMT
Server: Apache
X-Frame-Options: SAMEORIGIN
Set-Cookie: c9MWDuvPtT9GIMyPc3jwol1VSlO=fLnTF3-JcW8emfbYrRqIXP8WOSeI0VSV4CK0UVz-M2AtWZyB3hY_Oeo_uRcJ6qGjMIVqiY9e_F0Hj-S5PwfOhFQCFnWWoMB51D82Yd0j4VGhaJ_hH5rgCMEyj5jV5pgIFtuYIG%7c9k14SoDX6oVAsQgKjf8COxoZ4oR1V19buSijfg03yu_Yl4ZY_w7bbuoWPhBZtdzOeJqDeW%7cnd53o3JfkmJixhfKaLYkWrECIIdgOXT5VBguB6e8wc0QMIoto-p9oHYvItS1uw17KN7vLW%7c1363791355; domain=.paypal.com; path=/; Secure; HttpOnly
Set-Cookie: cookie_check=yes; expires=Sat, 18-Mar-2023 14:55:55 GMT; domain=.paypal.com; path=/; Secure; HttpOnly
Set-Cookie: navcmd=_notify-validate; domain=.paypal.com; path=/; Secure; HttpOnly
Set-Cookie: navlns=0.0; expires=Tue, 15-Mar-2033 14:55:55 GMT; domain=.paypal.com; path=/; Secure; HttpOnly
Set-Cookie: Apache=10.72.109.11.1363791355034977; path=/; expires=Fri, 13-Mar-43 14:55:55 GMT
Connection: close
Transfer-Encoding: chunked
Content-Type: text/html; charset=UTF-8

7
INVALID
0



[03/20/2013 3:56 PM] - FAIL: IPN Validation Failed.
IPN POST Vars from Paypal:

IPN Response from Paypal Server:
 HTTP/1.1 200 OK
Date: Wed, 20 Mar 2013 14:56:34 GMT
Server: Apache
X-Frame-Options: SAMEORIGIN
Set-Cookie: c9MWDuvPtT9GIMyPc3jwol1VSlO=xhIUc7cAbzl5XFugUud0_aNhdFoxB_cDw6XPU1d7X6Gcm5CIhCxHcmJ8emzIUuLfSVOb4IGCfyDn9v1rBXRWnXpp5DT1JuSLROgS9gu4T1RDq6gKHw2SdBE0wsBg9bxfgpD3sW%7ctcode3V3lqSPmqiuG9bWwzk-R3VKx7a89XF7sUvHVKkLG5We7YZCUjRgOdmxtJ4FIm4QPG%7cN1_q1-_W0UmRFbtMcZcru2ru742Pd5kRhd2g4Wwe5iO09E6xHAeeE2Wf1S6f0lhXrmHS2W%7c1363791394; domain=.paypal.com; path=/; Secure; HttpOnly
Set-Cookie: cookie_check=yes; expires=Sat, 18-Mar-2023 14:56:34 GMT; domain=.paypal.com; path=/; Secure; HttpOnly
Set-Cookie: navcmd=_notify-validate; domain=.paypal.com; path=/; Secure; HttpOnly
Set-Cookie: navlns=0.0; expires=Tue, 15-Mar-2033 14:56:34 GMT; domain=.paypal.com; path=/; Secure; HttpOnly
Set-Cookie: Apache=10.72.109.11.1363791394327753; path=/; expires=Fri, 13-Mar-43 14:56:34 GMT
Connection: close
Transfer-Encoding: chunked
Content-Type: text/html; charset=UTF-8

7
INVALID
0



[03/20/2013 3:56 PM] - FAIL: IPN Validation Failed.
IPN POST Vars from Paypal:

IPN Response from Paypal Server:
 HTTP/1.1 200 OK
Date: Wed, 20 Mar 2013 14:56:53 GMT
Server: Apache
X-Frame-Options: SAMEORIGIN
Set-Cookie: c9MWDuvPtT9GIMyPc3jwol1VSlO=xQvurc6ZMPoEpykB6m0Q4f_dBWiBSW0wnnAYAx6HJdgF4KU2e37AL_dviYbeWIVLvVK-fH6ATgdgIGajoHJJdepfoxA-rbS9R1Lt8Wl-wHIGr6V1NT9Ke5uoV9k0nWdbVC7REW%7cVBQaUXLLfZGco276zRvB-PahQc3QbAxKh_vHqCwMOf1md2CDzupNws5C8F6gUK5d5gyEbG%7cCG8Z_OK5hgcjKxsJuP7SNd80y5FmEzwVTbrFh3KGg-gOjaXl6mcAPfiUXnV4Y5EG751gD0%7c1363791414; domain=.paypal.com; path=/; Secure; HttpOnly
Set-Cookie: cookie_check=yes; expires=Sat, 18-Mar-2023 14:56:54 GMT; domain=.paypal.com; path=/; Secure; HttpOnly
Set-Cookie: navcmd=_notify-validate; domain=.paypal.com; path=/; Secure; HttpOnly
Set-Cookie: navlns=0.0; expires=Tue, 15-Mar-2033 14:56:54 GMT; domain=.paypal.com; path=/; Secure; HttpOnly
Set-Cookie: Apache=10.72.109.11.1363791413697191; path=/; expires=Fri, 13-Mar-43 14:56:53 GMT
Connection: close
Transfer-Encoding: chunked
Content-Type: text/html; charset=UTF-8

7
INVALID
0



[03/20/2013 4:18 PM] - FAIL: IPN Validation Failed.
IPN POST Vars from Paypal:

IPN Response from Paypal Server:
 HTTP/1.1 200 OK
Date: Wed, 20 Mar 2013 15:18:48 GMT
Server: Apache
X-Frame-Options: SAMEORIGIN
Set-Cookie: c9MWDuvPtT9GIMyPc3jwol1VSlO=Hif8d9s7F5CQdjEZ_is4U6Z0W15oeft3skGKhGjqmG4-ShxFzWF0z2oTfQxl8DqBtngO6i6TNkCSE9w7RnrsU3E1Dkrta5DPGvDIBYSejsgO0SrFu404ARTGErlYV6emiVdJ7G%7cA-X4fyrb_H6glXE1djhQcmOLmuyEV46UjvYSfTMVUfhW2LDLZdD7yV83YrTrCQHZu7aZv0%7cYIg8_DGWPRV0s9WKqahDCY_xvDqFI4UeMkY4RS9UsBkWYuKIiJq0jQJvQoQ7lAjgE7h8D0%7c1363792729; domain=.paypal.com; path=/; Secure; HttpOnly
Set-Cookie: cookie_check=yes; expires=Sat, 18-Mar-2023 15:18:49 GMT; domain=.paypal.com; path=/; Secure; HttpOnly
Set-Cookie: navcmd=_notify-validate; domain=.paypal.com; path=/; Secure; HttpOnly
Set-Cookie: navlns=0.0; expires=Tue, 15-Mar-2033 15:18:49 GMT; domain=.paypal.com; path=/; Secure; HttpOnly
Set-Cookie: Apache=10.72.109.11.1363792728826860; path=/; expires=Fri, 13-Mar-43 15:18:48 GMT
Connection: close
Transfer-Encoding: chunked
Content-Type: text/html; charset=UTF-8

7
INVALID
0



[03/20/2013 4:22 PM] - FAIL: IPN Validation Failed.
IPN POST Vars from Paypal:

IPN Response from Paypal Server:
 HTTP/1.1 200 OK
Date: Wed, 20 Mar 2013 15:22:23 GMT
Server: Apache
X-Frame-Options: SAMEORIGIN
Set-Cookie: c9MWDuvPtT9GIMyPc3jwol1VSlO=plt1GIH2Sgj-XfhvKCvXbskUOn8a8-_wOh3K8T_ikUFmfxF6Iw7A4A9gee6KmCYpWLmEClpBCwFzBhAbFCQW9NH8xZOOnaYaBh-XNco1IieAT-jjLuR3UI1W3axawXjmCRPlE0%7cQdJLdksCu4-adEAUD7hhlPPEWMw_Jv3cXL3xJggT5Uf4rJfxox2nMF2r79Syfzs74YP_c0%7cmcnZo3Z-Vd5TUL9EZ3rTykzkwGOakkWLVaPBB_ydiIrzQ4bnhDPvP3wPLOpgJlt1S_PxG0%7c1363792943; domain=.paypal.com; path=/; Secure; HttpOnly
Set-Cookie: cookie_check=yes; expires=Sat, 18-Mar-2023 15:22:24 GMT; domain=.paypal.com; path=/; Secure; HttpOnly
Set-Cookie: navcmd=_notify-validate; domain=.paypal.com; path=/; Secure; HttpOnly
Set-Cookie: navlns=0.0; expires=Tue, 15-Mar-2033 15:22:24 GMT; domain=.paypal.com; path=/; Secure; HttpOnly
Set-Cookie: Apache=10.72.109.11.1363792943636334; path=/; expires=Fri, 13-Mar-43 15:22:23 GMT
Connection: close
Transfer-Encoding: chunked
Content-Type: text/html; charset=UTF-8

7
INVALID
0



[03/20/2013 4:22 PM] - FAIL: IPN Validation Failed.
IPN POST Vars from Paypal:

IPN Response from Paypal Server:
 HTTP/1.1 200 OK
Date: Wed, 20 Mar 2013 15:22:57 GMT
Server: Apache
X-Frame-Options: SAMEORIGIN
Set-Cookie: c9MWDuvPtT9GIMyPc3jwol1VSlO=fHHG-dyaoWrqGZSRwLXwwkzOmvwXSYFNe895xY5iXMJ5-K80wdndJTgbVq9oNir6DqsoIUJgUnivG_RTeZ__Qx9zN7HpHUb5cAdZklRrh65QYGy01Zw7VnlF9YqjOI9H_4ZfqW%7csREJGuKWC1uQy7U0U7w1T4xBMpRkom66OsNHuTTAlHmVeYXx4BcUi1YAIrr9JJ6wQTI6zG%7cUmufL0HGUbIGcosJb612GqfoAa8m9FbfT9KxpW2I0sr-v7MkDop380iZ4JjP8dWwBDzbqG%7c1363792977; domain=.paypal.com; path=/; Secure; HttpOnly
Set-Cookie: cookie_check=yes; expires=Sat, 18-Mar-2023 15:22:57 GMT; domain=.paypal.com; path=/; Secure; HttpOnly
Set-Cookie: navcmd=_notify-validate; domain=.paypal.com; path=/; Secure; HttpOnly
Set-Cookie: navlns=0.0; expires=Tue, 15-Mar-2033 15:22:57 GMT; domain=.paypal.com; path=/; Secure; HttpOnly
Set-Cookie: Apache=10.72.109.11.1363792977265775; path=/; expires=Fri, 13-Mar-43 15:22:57 GMT
Connection: close
Transfer-Encoding: chunked
Content-Type: text/html; charset=UTF-8

7
INVALID
0



[03/20/2013 4:23 PM] - FAIL: IPN Validation Failed.
IPN POST Vars from Paypal:

IPN Response from Paypal Server:
 HTTP/1.1 200 OK
Date: Wed, 20 Mar 2013 15:23:28 GMT
Server: Apache
X-Frame-Options: SAMEORIGIN
Set-Cookie: c9MWDuvPtT9GIMyPc3jwol1VSlO=xLjXYydB24EwGRXB-7oIOv2yjo74283kX65s83knevCPu1qt0nnBVy5geLXeihPENQhgt7i1W_idNr1Yxe_pwwogVx1mrisVVoPYr9RlrV_t_Pm00djfNMY7mZGPvn2_xN-JdW%7crzJsEaNXzuwCcBJzop9Of7zKh4tmqOJlHqnCW0RxFmP__t48B2FNxlrzbygsctmmUSZv-W%7c04TVCfM3MCss098j6EpWdHZK03KTpXFg2e-afk_dXIAN5R-NCwQh9C4k9zggRkaZxJkbL0%7c1363793008; domain=.paypal.com; path=/; Secure; HttpOnly
Set-Cookie: cookie_check=yes; expires=Sat, 18-Mar-2023 15:23:28 GMT; domain=.paypal.com; path=/; Secure; HttpOnly
Set-Cookie: navcmd=_notify-validate; domain=.paypal.com; path=/; Secure; HttpOnly
Set-Cookie: navlns=0.0; expires=Tue, 15-Mar-2033 15:23:28 GMT; domain=.paypal.com; path=/; Secure; HttpOnly
Set-Cookie: Apache=10.72.109.11.1363793008443198; path=/; expires=Fri, 13-Mar-43 15:23:28 GMT
Connection: close
Transfer-Encoding: chunked
Content-Type: text/html; charset=UTF-8

7
INVALID
0



[03/20/2013 4:27 PM] - FAIL: IPN Validation Failed.
IPN POST Vars from Paypal:

IPN Response from Paypal Server:
 HTTP/1.1 200 OK
Date: Wed, 20 Mar 2013 15:27:26 GMT
Server: Apache
X-Frame-Options: SAMEORIGIN
Set-Cookie: c9MWDuvPtT9GIMyPc3jwol1VSlO=XVru53L5KL0ahv8oyZYilEnKh1tUh7_bAod7e_y6pBQppotAlxWbySRkpKlzXkam3FI2SCiKdldhNOtaYhjGweNBUf1XBZ9i49SFxF5PEi3SEtDBSgMX-aqrm_1rUyJS_vGSJ0%7cUhgcM9KCT8IOT24nHzWXNnoEoNKaATS252OyntYUmSSXMyMe8wI7SAA9sbKFBgXs0kDO4G%7cixxpBAMPF82NmXeW9-VSTAnUlhuE9Ald7eaIyy5uNo1dR6Wl0C6swECUATGTbXADyAMOsG%7c1363793247; domain=.paypal.com; path=/; Secure; HttpOnly
Set-Cookie: cookie_check=yes; expires=Sat, 18-Mar-2023 15:27:27 GMT; domain=.paypal.com; path=/; Secure; HttpOnly
Set-Cookie: navcmd=_notify-validate; domain=.paypal.com; path=/; Secure; HttpOnly
Set-Cookie: navlns=0.0; expires=Tue, 15-Mar-2033 15:27:27 GMT; domain=.paypal.com; path=/; Secure; HttpOnly
Set-Cookie: Apache=10.72.109.11.1363793246875848; path=/; expires=Fri, 13-Mar-43 15:27:26 GMT
Connection: close
Transfer-Encoding: chunked
Content-Type: text/html; charset=UTF-8

7
INVALID
0



[03/20/2013 4:27 PM] - FAIL: IPN Validation Failed.
IPN POST Vars from Paypal:

IPN Response from Paypal Server:
 HTTP/1.1 200 OK
Date: Wed, 20 Mar 2013 15:27:41 GMT
Server: Apache
X-Frame-Options: SAMEORIGIN
Set-Cookie: c9MWDuvPtT9GIMyPc3jwol1VSlO=2O2ls1UuZRYskpMPbGbBvcno04Y39DXmCUf4dOPEkFRVl3vUmhF8aw6NMNxonXhbJlu0w7vAwzsvqejIJ5lp0a4EY5_34mx5SkBPYzhT-wtX1Yh2Eu_PWOg3KG8H6shDzAcAH0%7cL13IdzSmKY5ekAPksjTUbiZc0THZsO7Na0OoKxUkA3WPq6cRIsZWNVwPRogiXeaTf1qEGm%7cCFRgT9Z8-TQ1PI76vjIigZxsWLZbWSt5VGOoKavMEXpm6HKHcbRnWKIMpAfYB51ePF-Mk0%7c1363793261; domain=.paypal.com; path=/; Secure; HttpOnly
Set-Cookie: cookie_check=yes; expires=Sat, 18-Mar-2023 15:27:41 GMT; domain=.paypal.com; path=/; Secure; HttpOnly
Set-Cookie: navcmd=_notify-validate; domain=.paypal.com; path=/; Secure; HttpOnly
Set-Cookie: navlns=0.0; expires=Tue, 15-Mar-2033 15:27:41 GMT; domain=.paypal.com; path=/; Secure; HttpOnly
Set-Cookie: Apache=10.72.109.11.1363793261468280; path=/; expires=Fri, 13-Mar-43 15:27:41 GMT
Connection: close
Transfer-Encoding: chunked
Content-Type: text/html; charset=UTF-8

7
INVALID
0



[03/20/2013 4:31 PM] - SUCCESS!
IPN POST Vars from Paypal:
mc_gross=15.00, protection_eligibility=Ineligible, payer_id=ZQKG45BV3XNW8, tax=0.00, payment_date=08:30:56 Mar 20, 2013 PDT, payment_status=Completed, charset=windows-1252, first_name=sascha, mc_fee=0.89, notify_version=3.7, custom=71, payer_status=verified, business=_samba_1358073493_biz@googlemail.com, quantity=1, verify_sign=AFcWxV21C7fd0v3bYYYRCpSSRl31A5vaiCnDoW3sZgeOGCJqMoM1VEQN, payer_email=_samba_1358112367_pre@googlemail.com, txn_id=80J813649M077005H, payment_type=instant, btn_id=2689538, last_name=fritz, receiver_email=_samba_1358073493_biz@googlemail.com, payment_fee=0.89, shipping_discount=0.00, insurance_amount=0.00, receiver_id=3MMALJFJAGGQG, txn_type=web_accept, item_name=VSTForx, discount=0.00, mc_currency=USD, item_number=3, residence_country=DE, test_ipn=1, handling_amount=0.00, shipping_method=Default, transaction_subject=71, payment_gross=15.00, shipping=0.00, ipn_track_id=99b8530aa1370, 
IPN Response from Paypal Server:
 HTTP/1.1 200 OK
Date: Wed, 20 Mar 2013 15:31:04 GMT
Server: Apache
X-Frame-Options: SAMEORIGIN
Set-Cookie: c9MWDuvPtT9GIMyPc3jwol1VSlO=njTKDEyrhLolODVFI-ALI7JeRopNTYwG3VQLF98NMPPQVB_c7sQnoF4u_ExQ7oj64runhx8EiNfPZ12IEtEP_hiG_xHY6QMGTDGhr7ekl57vFnDlJMxXEe6ku-GXQtzRX127J0%7cNdJuvvtiLLK4Ay_wLZTir411Dr2iPONY3DcS4aVdapoCbs_PwRD97KLPHMoWShyQClympG%7cUhydJLFLDZV85elHUyk4NlMIPU5RT7Hj_6G-bYNH4uCI3EJ3gOJivPfsSWOrloP9k1fZRW%7c1363793464; domain=.paypal.com; path=/; Secure; HttpOnly
Set-Cookie: cookie_check=yes; expires=Sat, 18-Mar-2023 15:31:04 GMT; domain=.paypal.com; path=/; Secure; HttpOnly
Set-Cookie: navcmd=_notify-validate; domain=.paypal.com; path=/; Secure; HttpOnly
Set-Cookie: navlns=0.0; expires=Tue, 15-Mar-2033 15:31:04 GMT; domain=.paypal.com; path=/; Secure; HttpOnly
Set-Cookie: Apache=10.72.109.11.1363793464410489; path=/; expires=Fri, 13-Mar-43 15:31:04 GMT
Connection: close
Transfer-Encoding: chunked
Content-Type: text/html; charset=UTF-8

8
VERIFIED
0



[03/20/2013 4:47 PM] - FAIL: IPN Validation Failed.
IPN POST Vars from Paypal:

IPN Response from Paypal Server:
 HTTP/1.1 200 OK
Date: Wed, 20 Mar 2013 15:47:41 GMT
Server: Apache
X-Frame-Options: SAMEORIGIN
Set-Cookie: c9MWDuvPtT9GIMyPc3jwol1VSlO=fIXwbQZVtJcSMwDxjGa2LjBspkQFrJ8yRSNkg57eIB3J3xjQ9jz5QzD5166H68JcVxVaGLCzaHPGRFlTLIgmyF0wu-BlCO_yfB8XQ7YGzpyPILJlMhjUhzGo_Yh1Qod5phJR2G%7cvqtQ4B34y6K3H1ZbmgRh23Pb3t61rbPhay2THwqZXowbFzcqDI40vRakJ3cmERwteyVJk0%7cEObPG-EO74feLOX_fTX-CfvBupcBro8wEsNWoKoy3WhNmpE2UK9Af47CR2boMbBxEY5Mq0%7c1363794461; domain=.paypal.com; path=/; Secure; HttpOnly
Set-Cookie: cookie_check=yes; expires=Sat, 18-Mar-2023 15:47:41 GMT; domain=.paypal.com; path=/; Secure; HttpOnly
Set-Cookie: navcmd=_notify-validate; domain=.paypal.com; path=/; Secure; HttpOnly
Set-Cookie: navlns=0.0; expires=Tue, 15-Mar-2033 15:47:41 GMT; domain=.paypal.com; path=/; Secure; HttpOnly
Set-Cookie: Apache=10.72.109.11.1363794461334229; path=/; expires=Fri, 13-Mar-43 15:47:41 GMT
Connection: close
Transfer-Encoding: chunked
Content-Type: text/html; charset=UTF-8

7
INVALID
0



[03/20/2013 4:48 PM] - SUCCESS!
IPN POST Vars from Paypal:
mc_gross=15.00, protection_eligibility=Ineligible, payer_id=ZQKG45BV3XNW8, tax=0.00, payment_date=08:48:39 Mar 20, 2013 PDT, payment_status=Completed, charset=windows-1252, first_name=sascha, mc_fee=0.89, notify_version=3.7, custom=71, payer_status=verified, business=_samba_1358073493_biz@googlemail.com, quantity=1, verify_sign=ABRCk83j85S2DNH.cJtqNNRhXfBXACgZHo6uV2mHQmmD1MEtMRS3KGDn, payer_email=_samba_1358112367_pre@googlemail.com, txn_id=7NF95974BC302821T, payment_type=instant, btn_id=2689538, last_name=fritz, receiver_email=_samba_1358073493_biz@googlemail.com, payment_fee=0.89, shipping_discount=0.00, insurance_amount=0.00, receiver_id=3MMALJFJAGGQG, txn_type=web_accept, item_name=VSTForx, discount=0.00, mc_currency=USD, item_number=3, residence_country=DE, test_ipn=1, handling_amount=0.00, shipping_method=Default, transaction_subject=71, payment_gross=15.00, shipping=0.00, ipn_track_id=8b1895c3406b9, 
IPN Response from Paypal Server:
 HTTP/1.1 200 OK
Date: Wed, 20 Mar 2013 15:48:44 GMT
Server: Apache
X-Frame-Options: SAMEORIGIN
Set-Cookie: c9MWDuvPtT9GIMyPc3jwol1VSlO=rT_FYfS8blA4Z3SdkV_JxFA1K-CynzV8P6dlgHP7P5t3oXFnCss_tOmYB7ksZZdly2e7tIwneXaq1cKiLgrxacXwWIFcyh4CMyk3HW6fEDVUs9Gy60RkYvGnrpobTqb0ryNUnG%7cvoZh_Jlh9VuvtNYDM1_dE3ufJjy3-HsRtfRFk8ABRD-wIzTq5BhxJHIvgQepf32JmTdbom%7c8sI-IKFfJwwRTIc8aAQXa3z3Nqalffq9t3N-_u7caH2HxZbWovtCs3nxYAhBoZGys1Tg-0%7c1363794524; domain=.paypal.com; path=/; Secure; HttpOnly
Set-Cookie: cookie_check=yes; expires=Sat, 18-Mar-2023 15:48:44 GMT; domain=.paypal.com; path=/; Secure; HttpOnly
Set-Cookie: navcmd=_notify-validate; domain=.paypal.com; path=/; Secure; HttpOnly
Set-Cookie: navlns=0.0; expires=Tue, 15-Mar-2033 15:48:44 GMT; domain=.paypal.com; path=/; Secure; HttpOnly
Set-Cookie: Apache=10.72.109.11.1363794524564929; path=/; expires=Fri, 13-Mar-43 15:48:44 GMT
Connection: close
Transfer-Encoding: chunked
Content-Type: text/html; charset=UTF-8

8
VERIFIED
0



[03/20/2013 4:51 PM] - SUCCESS!
IPN POST Vars from Paypal:
mc_gross=15.00, protection_eligibility=Ineligible, payer_id=ZQKG45BV3XNW8, tax=0.00, payment_date=08:50:59 Mar 20, 2013 PDT, payment_status=Completed, charset=windows-1252, first_name=sascha, mc_fee=0.89, notify_version=3.7, custom=71, payer_status=verified, business=_samba_1358073493_biz@googlemail.com, quantity=1, verify_sign=AktovjvXzZT2KaXrbkRzGQ-8WOEqAmV5kRrdZ9vtNrACxjG2CuV48f8A, payer_email=_samba_1358112367_pre@googlemail.com, txn_id=4MW19920CC270833T, payment_type=instant, btn_id=2689538, last_name=fritz, receiver_email=_samba_1358073493_biz@googlemail.com, payment_fee=0.89, shipping_discount=0.00, insurance_amount=0.00, receiver_id=3MMALJFJAGGQG, txn_type=web_accept, item_name=VSTForx, discount=0.00, mc_currency=USD, item_number=3, residence_country=DE, test_ipn=1, handling_amount=0.00, shipping_method=Default, transaction_subject=71, payment_gross=15.00, shipping=0.00, ipn_track_id=8bc12a49689da, 
IPN Response from Paypal Server:
 HTTP/1.1 200 OK
Date: Wed, 20 Mar 2013 15:51:04 GMT
Server: Apache
X-Frame-Options: SAMEORIGIN
Set-Cookie: c9MWDuvPtT9GIMyPc3jwol1VSlO=qAm_dunMSTnyHm5W_FGt9u2XdZU0myYPUQk3KDvAjRwOW8mURhj2CUMsgZF1JwTEojb6Q5V9TMO43LrQjZg-DgULsUJOyabmV6awal-iumjfYCp9sjdMngWGlbHbhSlBN2EnAm%7cJAJ0g0HZmF305ewBZGo3y9E-dOgUhSB3M-tqRkhYPj5wlkBIt_bjmEbDUQfl6pRYrnH840%7cvKT4cJCgYPZdfUY-gJN323gdkQcutm4-tAl4zEPyF30cFPo-TVsCOFYn8zQH3RH-uWQl6G%7c1363794664; domain=.paypal.com; path=/; Secure; HttpOnly
Set-Cookie: cookie_check=yes; expires=Sat, 18-Mar-2023 15:51:04 GMT; domain=.paypal.com; path=/; Secure; HttpOnly
Set-Cookie: navcmd=_notify-validate; domain=.paypal.com; path=/; Secure; HttpOnly
Set-Cookie: navlns=0.0; expires=Tue, 15-Mar-2033 15:51:04 GMT; domain=.paypal.com; path=/; Secure; HttpOnly
Set-Cookie: Apache=10.72.109.11.1363794664209721; path=/; expires=Fri, 13-Mar-43 15:51:04 GMT
Connection: close
Transfer-Encoding: chunked
Content-Type: text/html; charset=UTF-8

8
VERIFIED
0



[03/20/2013 5:00 PM] - SUCCESS!
IPN POST Vars from Paypal:
mc_gross=15.00, protection_eligibility=Ineligible, payer_id=ZQKG45BV3XNW8, tax=0.00, payment_date=09:00:05 Mar 20, 2013 PDT, payment_status=Completed, charset=windows-1252, first_name=sascha, mc_fee=0.89, notify_version=3.7, custom=71, payer_status=verified, business=_samba_1358073493_biz@googlemail.com, quantity=1, verify_sign=AiPC9BjkCyDFQXbSkoZcgqH3hpacAJbICoefzNBD6Im4E3xvAV62bz6n, payer_email=_samba_1358112367_pre@googlemail.com, txn_id=1B612239FH3417647, payment_type=instant, btn_id=2689538, last_name=fritz, receiver_email=_samba_1358073493_biz@googlemail.com, payment_fee=0.89, shipping_discount=0.00, insurance_amount=0.00, receiver_id=3MMALJFJAGGQG, txn_type=web_accept, item_name=VSTForx, discount=0.00, mc_currency=USD, item_number=3, residence_country=DE, test_ipn=1, handling_amount=0.00, shipping_method=Default, transaction_subject=71, payment_gross=15.00, shipping=0.00, ipn_track_id=95425bed11d9c, 
IPN Response from Paypal Server:
 HTTP/1.1 200 OK
Date: Wed, 20 Mar 2013 16:00:21 GMT
Server: Apache
X-Frame-Options: SAMEORIGIN
Set-Cookie: c9MWDuvPtT9GIMyPc3jwol1VSlO=1Mq1lN0ozKgu4tVAL-_rG8DnGFdxwl-9vG9igQo-g7lkbMEkk11DnDb1LmC-a6ZRJumbBPJ85QiM19IKwqCzgn1zes-qhPmfPdG0D8wakzV_Y6tLHv3GtBf6tQCqNu7l1392Rm%7cibCT0VR_Hb7Zj1VEjE22wvui3ihYH1HToKdL7mbtJZoxCvZnSaeUlJkkb_Rt538OcwstGW%7c9Kfnhiz9xf7jNMyuojocDupAxBwkl2e5qVNK69LPuVLPyp22vm34o6W0I90OkUFSDHFV-m%7c1363795221; domain=.paypal.com; path=/; Secure; HttpOnly
Set-Cookie: cookie_check=yes; expires=Sat, 18-Mar-2023 16:00:21 GMT; domain=.paypal.com; path=/; Secure; HttpOnly
Set-Cookie: navcmd=_notify-validate; domain=.paypal.com; path=/; Secure; HttpOnly
Set-Cookie: navlns=0.0; expires=Tue, 15-Mar-2033 16:00:21 GMT; domain=.paypal.com; path=/; Secure; HttpOnly
Set-Cookie: Apache=10.72.109.11.1363795221635368; path=/; expires=Fri, 13-Mar-43 16:00:21 GMT
Connection: close
Transfer-Encoding: chunked
Content-Type: text/html; charset=UTF-8

8
VERIFIED
0



[03/20/2013 5:05 PM] - SUCCESS!
IPN POST Vars from Paypal:
mc_gross=15.00, protection_eligibility=Ineligible, payer_id=ZQKG45BV3XNW8, tax=0.00, payment_date=09:05:18 Mar 20, 2013 PDT, payment_status=Completed, charset=windows-1252, first_name=sascha, mc_fee=0.89, notify_version=3.7, custom=71, payer_status=verified, business=_samba_1358073493_biz@googlemail.com, quantity=1, verify_sign=AcdYZCzXEtHKDFREp3GDadgI75WaAr9WwIfDf5I8qtVttpreQVKDdJgS, payer_email=_samba_1358112367_pre@googlemail.com, txn_id=7HC09266KY5135809, payment_type=instant, btn_id=2689538, last_name=fritz, receiver_email=_samba_1358073493_biz@googlemail.com, payment_fee=0.89, shipping_discount=0.00, insurance_amount=0.00, receiver_id=3MMALJFJAGGQG, txn_type=web_accept, item_name=VSTForx, discount=0.00, mc_currency=USD, item_number=3, residence_country=DE, test_ipn=1, handling_amount=0.00, shipping_method=Default, transaction_subject=71, payment_gross=15.00, shipping=0.00, ipn_track_id=5cc85e964f48c, 
IPN Response from Paypal Server:
 HTTP/1.1 200 OK
Date: Wed, 20 Mar 2013 16:05:24 GMT
Server: Apache
X-Frame-Options: SAMEORIGIN
Set-Cookie: c9MWDuvPtT9GIMyPc3jwol1VSlO=jDTwOK2oacVTj6N6f8EfW8QWwo21Ar39HfTi3mv4fVHux4H-f208M_kUpFbO9QeQgMm--0MkxxEftF7hwQQP4bIKyhIET9S27bdJsYXODZuj1j-RVZdSsusGOVfBoDCgOpXKdm%7cMot6jCWX9H0i7dp_929jxFGcBCLv-20-H2Z29gXZsbhQkcMn71tHSlDGP3XXcrO-O-ZV3W%7cRmNSodaZC4VRmVncHiHReo09Jrz7Cv7Iw92qmHcZpokL3jhB3Zm-7catHo9Ftv_go1QBRG%7c1363795525; domain=.paypal.com; path=/; Secure; HttpOnly
Set-Cookie: cookie_check=yes; expires=Sat, 18-Mar-2023 16:05:25 GMT; domain=.paypal.com; path=/; Secure; HttpOnly
Set-Cookie: navcmd=_notify-validate; domain=.paypal.com; path=/; Secure; HttpOnly
Set-Cookie: navlns=0.0; expires=Tue, 15-Mar-2033 16:05:25 GMT; domain=.paypal.com; path=/; Secure; HttpOnly
Set-Cookie: Apache=10.72.109.11.1363795524985601; path=/; expires=Fri, 13-Mar-43 16:05:24 GMT
Connection: close
Transfer-Encoding: chunked
Content-Type: text/html; charset=UTF-8

8
VERIFIED
0



[03/20/2013 5:11 PM] - SUCCESS!
IPN POST Vars from Paypal:
mc_gross=15.00, protection_eligibility=Ineligible, payer_id=ZQKG45BV3XNW8, tax=0.00, payment_date=09:11:24 Mar 20, 2013 PDT, payment_status=Completed, charset=windows-1252, first_name=sascha, mc_fee=0.89, notify_version=3.7, custom=71, payer_status=verified, business=_samba_1358073493_biz@googlemail.com, quantity=1, verify_sign=A7lotgw98RePRkRmp-IHjqtbV0AnArJ0KtB0Z2OPhGWasZkxq9R4XLdB, payer_email=_samba_1358112367_pre@googlemail.com, txn_id=812594877G651284D, payment_type=instant, btn_id=2689538, last_name=fritz, receiver_email=_samba_1358073493_biz@googlemail.com, payment_fee=0.89, shipping_discount=0.00, insurance_amount=0.00, receiver_id=3MMALJFJAGGQG, txn_type=web_accept, item_name=VSTForx, discount=0.00, mc_currency=USD, item_number=3, residence_country=DE, test_ipn=1, handling_amount=0.00, shipping_method=Default, transaction_subject=71, payment_gross=15.00, shipping=0.00, ipn_track_id=f3ec24bc97433, 
IPN Response from Paypal Server:
 HTTP/1.1 200 OK
Date: Wed, 20 Mar 2013 16:11:30 GMT
Server: Apache
X-Frame-Options: SAMEORIGIN
Set-Cookie: c9MWDuvPtT9GIMyPc3jwol1VSlO=6tuGKlNCD9CPsFxRAFjV-s-qFI651LXLTYg51MjV2U1ZSq4HtqRXfm3qPuXHnZEEQ-tzE0koRqBp_zR2iLFa72KShJ7-Cadpej_ZohKusrE_RqlUhxUfuKnJknddgWQ8HQsoqm%7crwvOZRUTDQFANlxkx4MWDaNuFkbipip1zgxfjLHfU59JeRpgUCc6Pdus4gbtKqU3T3Eb1W%7cgyM_Vkmp1ysv73JleiHEQjLO-vMny7M-2wz_fLMlwUgI71anrVN01Mo7kNBr9iLMm-bC1m%7c1363795890; domain=.paypal.com; path=/; Secure; HttpOnly
Set-Cookie: cookie_check=yes; expires=Sat, 18-Mar-2023 16:11:30 GMT; domain=.paypal.com; path=/; Secure; HttpOnly
Set-Cookie: navcmd=_notify-validate; domain=.paypal.com; path=/; Secure; HttpOnly
Set-Cookie: navlns=0.0; expires=Tue, 15-Mar-2033 16:11:30 GMT; domain=.paypal.com; path=/; Secure; HttpOnly
Set-Cookie: Apache=10.72.109.11.1363795890055816; path=/; expires=Fri, 13-Mar-43 16:11:30 GMT
Connection: close
Transfer-Encoding: chunked
Content-Type: text/html; charset=UTF-8

8
VERIFIED
0



[03/20/2013 5:17 PM] - SUCCESS!
IPN POST Vars from Paypal:
mc_gross=15.00, protection_eligibility=Ineligible, payer_id=ZQKG45BV3XNW8, tax=0.00, payment_date=09:17:16 Mar 20, 2013 PDT, payment_status=Completed, charset=windows-1252, first_name=sascha, mc_fee=0.89, notify_version=3.7, custom=71, payer_status=verified, business=_samba_1358073493_biz@googlemail.com, quantity=1, verify_sign=Aawsjn98XpXBChFB4XO8xUp9ntlYAvB0f4ajrDALuw7yClXbWDyfA-GY, payer_email=_samba_1358112367_pre@googlemail.com, txn_id=53N37230E4878394M, payment_type=instant, btn_id=2689538, last_name=fritz, receiver_email=_samba_1358073493_biz@googlemail.com, payment_fee=0.89, shipping_discount=0.00, insurance_amount=0.00, receiver_id=3MMALJFJAGGQG, txn_type=web_accept, item_name=VSTForx, discount=0.00, mc_currency=USD, item_number=3, residence_country=DE, test_ipn=1, handling_amount=0.00, shipping_method=Default, transaction_subject=71, payment_gross=15.00, shipping=0.00, ipn_track_id=1a660bba6622d, 
IPN Response from Paypal Server:
 HTTP/1.1 200 OK
Date: Wed, 20 Mar 2013 16:17:22 GMT
Server: Apache
X-Frame-Options: SAMEORIGIN
Set-Cookie: c9MWDuvPtT9GIMyPc3jwol1VSlO=OC1gTjJC7croDPUysTaI06pNC3EqpS0wSdq8l1i0Nppvxgct28kQQWDSelJBaCvc_I10b-oDnMzsuogSxKGAIDrpI6qouyVdEuFvn-SyIHbjjxDKzhSrdWmubPFtIE1ZqaRBXW%7cLqTpUKdgdott79b5JKDs-JA-rYTVyojRx0hP8jbmTolfGrnUUY53XYtQ_OkcCbbHWuFjd0%7cLaEXx-v24TP0R3c1BQ43LsfTXwTjENNdxnr21DuLu6QgRf20tsPZbrhXElZcFtR62NdW8W%7c1363796242; domain=.paypal.com; path=/; Secure; HttpOnly
Set-Cookie: cookie_check=yes; expires=Sat, 18-Mar-2023 16:17:22 GMT; domain=.paypal.com; path=/; Secure; HttpOnly
Set-Cookie: navcmd=_notify-validate; domain=.paypal.com; path=/; Secure; HttpOnly
Set-Cookie: navlns=0.0; expires=Tue, 15-Mar-2033 16:17:22 GMT; domain=.paypal.com; path=/; Secure; HttpOnly
Set-Cookie: Apache=10.72.109.11.1363796242246374; path=/; expires=Fri, 13-Mar-43 16:17:22 GMT
Connection: close
Transfer-Encoding: chunked
Content-Type: text/html; charset=UTF-8

8
VERIFIED
0



[03/20/2013 5:21 PM] - SUCCESS!
IPN POST Vars from Paypal:
mc_gross=15.00, protection_eligibility=Ineligible, payer_id=ZQKG45BV3XNW8, tax=0.00, payment_date=09:21:24 Mar 20, 2013 PDT, payment_status=Completed, charset=windows-1252, first_name=sascha, mc_fee=0.89, notify_version=3.7, custom=0, payer_status=verified, business=_samba_1358073493_biz@googlemail.com, quantity=1, verify_sign=AyZSyMYD8xj42kmg5B-pC1kL5DrUA6dcsmp3WocKVxCvew0VuTpwhAkv, payer_email=_samba_1358112367_pre@googlemail.com, txn_id=0R213050VS939243G, payment_type=instant, btn_id=2689538, last_name=fritz, receiver_email=_samba_1358073493_biz@googlemail.com, payment_fee=0.89, shipping_discount=0.00, insurance_amount=0.00, receiver_id=3MMALJFJAGGQG, txn_type=web_accept, item_name=VSTForx, discount=0.00, mc_currency=USD, item_number=3, residence_country=DE, test_ipn=1, handling_amount=0.00, shipping_method=Default, transaction_subject=0, payment_gross=15.00, shipping=0.00, ipn_track_id=a285ddc04705b, 
IPN Response from Paypal Server:
 HTTP/1.1 200 OK
Date: Wed, 20 Mar 2013 16:21:30 GMT
Server: Apache
X-Frame-Options: SAMEORIGIN
Set-Cookie: c9MWDuvPtT9GIMyPc3jwol1VSlO=W5cxk0JZqSWgf1OxwwVF3m_F34c7Xu4eJeA73_NSOBhWLucLqpKwFUCQMUDh_EGgGt91EFY_RZgivtMpypGJN4gC29S1wiq_PBWgwAQQGazZO4uY3iNgQcqe7VItYXBOVQHqhG%7cBUB40NPixBQSaW3zQ3na5bDfJMvwFBsfviSgPSnoTZH_lZ7MUBpWkg5UtLF9YkYzvJHa30%7cJEkvNELBjCbmh-OC4KMgumBPt03qIxot5AeHIRhnwJMzfOTp3nhmN-iiFyUOlglOJSR1w0%7c1363796490; domain=.paypal.com; path=/; Secure; HttpOnly
Set-Cookie: cookie_check=yes; expires=Sat, 18-Mar-2023 16:21:30 GMT; domain=.paypal.com; path=/; Secure; HttpOnly
Set-Cookie: navcmd=_notify-validate; domain=.paypal.com; path=/; Secure; HttpOnly
Set-Cookie: navlns=0.0; expires=Tue, 15-Mar-2033 16:21:30 GMT; domain=.paypal.com; path=/; Secure; HttpOnly
Set-Cookie: Apache=10.72.109.11.1363796490155904; path=/; expires=Fri, 13-Mar-43 16:21:30 GMT
Connection: close
Transfer-Encoding: chunked
Content-Type: text/html; charset=UTF-8

8
VERIFIED
0



[03/20/2013 9:32 PM] - FAIL: IPN Validation Failed.
IPN POST Vars from Paypal:

IPN Response from Paypal Server:
 HTTP/1.1 200 OK
Date: Wed, 20 Mar 2013 20:32:56 GMT
Server: Apache
X-Frame-Options: SAMEORIGIN
Set-Cookie: c9MWDuvPtT9GIMyPc3jwol1VSlO=HhKC9zZuFaxcjCNvj3lxsPreFbGpaqtytxA8EMAi71mL1UksKeq_vPjk7jDph5tH5YbcgBulVtUP4y6gAy16kBSw2X2dEsT69Y258SJ7Vk6gcV46t0okQh17xX81XQ10LunxLm%7c9TkYNajWRD7cng2sWhTDmc21cjk7TIi9TEUI6MF1YjqZXWV6VtUNdpm993lqNq_wjuHe10%7czMm1pWkIu32Voagp6csVIhO9vfbEY1mnRX5ovw21vrcaa1uvjtRjKI40ehWUmz2-Phmqqm%7c1363811577; domain=.paypal.com; path=/; Secure; HttpOnly
Set-Cookie: cookie_check=yes; expires=Sat, 18-Mar-2023 20:32:57 GMT; domain=.paypal.com; path=/; Secure; HttpOnly
Set-Cookie: navcmd=_notify-validate; domain=.paypal.com; path=/; Secure; HttpOnly
Set-Cookie: navlns=0.0; expires=Tue, 15-Mar-2033 20:32:57 GMT; domain=.paypal.com; path=/; Secure; HttpOnly
Set-Cookie: Apache=10.72.109.11.1363811576656464; path=/; expires=Fri, 13-Mar-43 20:32:56 GMT
Connection: close
Transfer-Encoding: chunked
Content-Type: text/html; charset=UTF-8

7
INVALID
0



[03/20/2013 9:34 PM] - SUCCESS!
IPN POST Vars from Paypal:
mc_gross=15.00, protection_eligibility=Ineligible, payer_id=ZQKG45BV3XNW8, tax=0.00, payment_date=13:34:26 Mar 20, 2013 PDT, payment_status=Completed, charset=windows-1252, first_name=sascha, mc_fee=0.89, notify_version=3.7, custom=71, payer_status=verified, business=_samba_1358073493_biz@googlemail.com, quantity=1, verify_sign=Az0QQX1xeN9Y5N42oETRfmOgJA5PAO8W3JlrfwfRKFRjKJcz4WnbtW24, payer_email=_samba_1358112367_pre@googlemail.com, txn_id=1MR11360YJ786432G, payment_type=instant, btn_id=2689538, last_name=fritz, receiver_email=_samba_1358073493_biz@googlemail.com, payment_fee=0.89, shipping_discount=0.00, insurance_amount=0.00, receiver_id=3MMALJFJAGGQG, txn_type=web_accept, item_name=VSTForx, discount=0.00, mc_currency=USD, item_number=3, residence_country=DE, test_ipn=1, handling_amount=0.00, shipping_method=Default, transaction_subject=71, payment_gross=15.00, shipping=0.00, ipn_track_id=c324f30549a64, 
IPN Response from Paypal Server:
 HTTP/1.1 200 OK
Date: Wed, 20 Mar 2013 20:34:32 GMT
Server: Apache
X-Frame-Options: SAMEORIGIN
Set-Cookie: c9MWDuvPtT9GIMyPc3jwol1VSlO=4tS8OXGk1dfDPb_ua9Xe0jIDM9Mt-W38HRXV2vPmPTN6l_R173VO5WWVS1YWojO9SEb5NEgKJkMDn0RRbh59RHlPeRDuuHTxl_-OJNacd-xs6wGflUbXcC3EEAQzAxFUxGesmm%7cHkXK5DmbdspbglUFc7wxGD3sjHuEYHbCga7KRPrixuGgfeJ4JEIMZdyAP6d3ThqSJhCemG%7cxDS2wUIHEMEvVnBQArzvhMkhbSAP02IBq24w7hgga10uJPSXrAsRP-i2Han_tapGwVgJY0%7c1363811672; domain=.paypal.com; path=/; Secure; HttpOnly
Set-Cookie: cookie_check=yes; expires=Sat, 18-Mar-2023 20:34:32 GMT; domain=.paypal.com; path=/; Secure; HttpOnly
Set-Cookie: navcmd=_notify-validate; domain=.paypal.com; path=/; Secure; HttpOnly
Set-Cookie: navlns=0.0; expires=Tue, 15-Mar-2033 20:34:32 GMT; domain=.paypal.com; path=/; Secure; HttpOnly
Set-Cookie: Apache=10.72.109.11.1363811672327653; path=/; expires=Fri, 13-Mar-43 20:34:32 GMT
Connection: close
Transfer-Encoding: chunked
Content-Type: text/html; charset=UTF-8

8
VERIFIED
0



[03/21/2013 12:45 PM] - SUCCESS!
IPN POST Vars from Paypal:
mc_gross=0.10, protection_eligibility=Ineligible, payer_id=28S5QU7WT8GBG, tax=0.00, payment_date=04:45:11 Mar 21, 2013 PDT, payment_status=Completed, charset=windows-1252, first_name=Elisa, mc_fee=0.10, notify_version=3.7, custom=71, payer_status=unverified, business=samba_godschynski@web.de, quantity=1, verify_sign=ADxdWtwCiezgZkAIRbKQ8YvZjdCwA1-CdERYpubJnz0ES22olUnHItta, payer_email=elisaunger@yahoo.de, txn_id=48634677NP153202A, payment_type=instant, btn_id=59310348, last_name=Unger, receiver_email=samba_godschynski@web.de, payment_fee=, shipping_discount=0.00, insurance_amount=0.00, receiver_id=ZAVWPQJ89KKLY, txn_type=web_accept, item_name=VSTForx-PreRelease, discount=0.00, mc_currency=EUR, item_number=3, residence_country=DE, handling_amount=0.00, shipping_method=Default, transaction_subject=71, payment_gross=, shipping=0.00, ipn_track_id=1515a19293be6, 
IPN Response from Paypal Server:
 HTTP/1.1 200 OK
Server: Apache
X-Frame-Options: SAMEORIGIN
Content-Type: text/html; charset=UTF-8
Date: Thu, 21 Mar 2013 11:45:15 GMT
Content-Length: 8
Connection: close
Set-Cookie: cwrClyrK4LoCV1fydGbAxiNL6iG=cqB-vQAf1CDLkksNOidyYb4tycNml3ICT2g8TQjxfohwq7ZZWEIP8FswViZFcbk1W4VgQXc9p2VAM0NdHZxdka4lZCibtyYkljWmA0ASCRHGocLSvgOxdeaa-KINl6V3Ysk7B0%7cj2C36BztdORsbIWrope3CSVBLjIZ_EdbsNEwWXkiiRr5UL4cl4YpmQ6D70LYybheoJ6N80%7c_EwKqqjpjVEOp3PgkReZRYdHUzaNFtXPZny4zbmz62LN3XU6Yrg_j-8Sy1KU9uKvxlIkZ0%7c1363866314; domain=.paypal.com; path=/; HttpOnly
Set-Cookie: cookie_check=yes; expires=Sun, 19-Mar-2023 11:45:14 GMT; domain=.paypal.com; path=/; HttpOnly
Set-Cookie: navcmd=_notify-validate; domain=.paypal.com; path=/; HttpOnly
Set-Cookie: navlns=0.0; expires=Wed, 16-Mar-2033 11:45:14 GMT; domain=.paypal.com; path=/; HttpOnly
Set-Cookie: aksession=1363866615~id=cookiefZBC6Z3IH8ov9nCjZbIQ7qDTZAxTtEplJnHXNVfhyqYbaWJYp7+/XHWqJUP5PD62WvwyUByhYkpI9RfziXBz9MpVGja2B9FIMJpKwS+rE6exmrpzbK2vDoMd2bLcg8cl; expires=Thu, 21-Mar-2013 11:50:15 GMT; path=/; domain=.paypal.com

VERIFIED

[03/25/2013 3:52 PM] - SUCCESS!
IPN POST Vars from Paypal:
mc_gross=12.00, protection_eligibility=Ineligible, payer_id=9ZZLH6EVCX8B4, tax=0.00, payment_date=07:52:54 Mar 25, 2013 PDT, payment_status=Completed, charset=windows-1252, first_name=traversaz, mc_fee=0.58, notify_version=3.7, custom=1036, payer_status=verified, business=samba_godschynski@web.de, quantity=1, verify_sign=AVfSQ5PLCwiNa3zy.rOy.Na-EbloALIthapw87ik5WFhfDo82cSPDTmG, payer_email=damstraversaz@free.fr, txn_id=8XM61567D79490241, payment_type=instant, btn_id=59310348, last_name=damien, receiver_email=samba_godschynski@web.de, payment_fee=, shipping_discount=0.00, insurance_amount=0.00, receiver_id=ZAVWPQJ89KKLY, txn_type=web_accept, item_name=VSTForx-PreRelease, discount=0.00, mc_currency=EUR, item_number=3, residence_country=FR, handling_amount=0.00, shipping_method=Default, transaction_subject=1036, payment_gross=, shipping=0.00, ipn_track_id=aadcce5c4f340, 
IPN Response from Paypal Server:
 HTTP/1.1 200 OK
Server: Apache
X-Frame-Options: SAMEORIGIN
Content-Type: text/html; charset=UTF-8
Date: Mon, 25 Mar 2013 14:52:57 GMT
Content-Length: 8
Connection: close
Set-Cookie: cwrClyrK4LoCV1fydGbAxiNL6iG=4_lPslXk8DYysJl1oWeQ4ULNG3SMYodpYZbr6jqgyepR29QbzKFTAcLDt9IRkTjVT7yKXdzAKnfE5kLfIEmkYtik13xb0aJRkuMpxtVurE-nt9FXsOCXbaAc_A0%7c3ruNEJeY_93PlHmb5wQou4Moe7lN6yRR1Zm45gpUl5JNEyxgFJdCP2mtZ09UEhntEXGWtm%7cah__72-buVGb22-8q6BLtMWUx6DqTQdtqMfZQyWYWVl1i7japko30Khs7liCSQcsHe4nWW%7c1364223177; domain=.paypal.com; path=/; HttpOnly
Set-Cookie: cookie_check=yes; expires=Thu, 23-Mar-2023 14:52:57 GMT; domain=.paypal.com; path=/; HttpOnly
Set-Cookie: navcmd=_notify-validate; domain=.paypal.com; path=/; HttpOnly
Set-Cookie: navlns=0.0; expires=Sun, 20-Mar-2033 14:52:57 GMT; domain=.paypal.com; path=/; HttpOnly
Set-Cookie: aksession=1364223477~id=cookie7j8IXeS4nsq1jsVEq+XrrVOq8X2mP19svlZyC0ocKpHotolSljzD7vGtfkGu3Q0pcH5TZ8Jr2bemhYUoAzjQjeRFK18qK1GvPd5ynB1aAuR45eLRDx9K9z4IvFkefm8W; expires=Mon, 25-Mar-2013 14:57:57 GMT; path=/; domain=.paypal.com

VERIFIED

[03/25/2013 4:00 PM] - SUCCESS!
IPN POST Vars from Paypal:
mc_gross=12.00, protection_eligibility=Ineligible, payer_id=MH83EFXDYDVP8, tax=0.00, payment_date=08:00:46 Mar 25, 2013 PDT, payment_status=Completed, charset=windows-1252, first_name=wesley, mc_fee=0.82, notify_version=3.7, custom=1038, payer_status=verified, business=samba_godschynski@web.de, quantity=1, verify_sign=AgGZmQ-jjtXh9ZnLsKBvBIanrqvPAZMvRQoDGpHXz9Sf7DCTrLWvyLC-, payer_email=wsclayton37@aol.com, txn_id=9KU78909J71115426, payment_type=instant, btn_id=59310348, last_name=martin, receiver_email=samba_godschynski@web.de, payment_fee=, shipping_discount=0.00, insurance_amount=0.00, receiver_id=ZAVWPQJ89KKLY, txn_type=web_accept, item_name=VSTForx-PreRelease, discount=0.00, mc_currency=EUR, item_number=3, residence_country=US, handling_amount=0.00, shipping_method=Default, transaction_subject=1038, payment_gross=, shipping=0.00, ipn_track_id=c75528fdcd8fe, 
IPN Response from Paypal Server:
 HTTP/1.1 200 OK
Server: Apache
X-Frame-Options: SAMEORIGIN
Content-Type: text/html; charset=UTF-8
Date: Mon, 25 Mar 2013 15:00:50 GMT
Content-Length: 8
Connection: close
Set-Cookie: cwrClyrK4LoCV1fydGbAxiNL6iG=qQ1Y-_B-YlVbBPHvYAdJJUsMkyO6kkXk0-tZ_4gCJwXB6yDIYfnZA_5Q3e2Vix_lyIKs09h3sJ94ZZiGG5gCKwzgU-81TzU6swWS5NkwI2G2dKfkxmxRe8P8m0aCrW0Gbf34h0%7crT7TkTEm0Lv09_s-zwdVgCrsz5TzRnOV5EwjoTqScasdqZv8ZyPZwrWdmh0hvjNbCS9Ef0%7ca3ajH_s-fgv56Nib_kGSKQtyQbe2Basp1r5gj_wxvtLbC3kBX8xMDSgb7XOmw8JQ2HuGPG%7c1364223650; domain=.paypal.com; path=/; HttpOnly
Set-Cookie: cookie_check=yes; expires=Thu, 23-Mar-2023 15:00:50 GMT; domain=.paypal.com; path=/; HttpOnly
Set-Cookie: navcmd=_notify-validate; domain=.paypal.com; path=/; HttpOnly
Set-Cookie: navlns=0.0; expires=Sun, 20-Mar-2033 15:00:50 GMT; domain=.paypal.com; path=/; HttpOnly
Set-Cookie: aksession=1364223950~id=cookienl/85bHiFsOaA6aHnG9N4eGfo9125sDyZkZ6He2qSY4OLUj1ruYdl+h++E1xYyj0Svqw+o27lbOK9jCoN5pkbqMEvKTFYkHLDKXJ3OgDR/4gB6p4fuNxWGi8NtFLypfa; expires=Mon, 25-Mar-2013 15:05:50 GMT; path=/; domain=.paypal.com

VERIFIED

[03/25/2013 4:01 PM] - SUCCESS!
IPN POST Vars from Paypal:
mc_gross=12.00, protection_eligibility=Ineligible, payer_id=ZZSVXAG6BZ48U, tax=0.00, payment_date=08:01:12 Mar 25, 2013 PDT, payment_status=Completed, charset=windows-1252, first_name=Jeff, mc_fee=0.82, notify_version=3.7, custom=699, payer_status=verified, business=samba_godschynski@web.de, quantity=1, verify_sign=A0asK6oiIZmtBFrRCq-Iiqf8lrk.ATqRK7Z6uDttK-DCR4SqeTWsFtLF, payer_email=jmoen@mindspring.com, txn_id=37F21432D5861591J, payment_type=instant, btn_id=59310348, last_name=Moen, receiver_email=samba_godschynski@web.de, payment_fee=, shipping_discount=0.00, insurance_amount=0.00, receiver_id=ZAVWPQJ89KKLY, txn_type=web_accept, item_name=VSTForx-PreRelease, discount=0.00, mc_currency=EUR, item_number=3, residence_country=US, handling_amount=0.00, shipping_method=Default, transaction_subject=699, payment_gross=, shipping=0.00, ipn_track_id=e95f76a2b17ad, 
IPN Response from Paypal Server:
 HTTP/1.1 200 OK
Server: Apache
X-Frame-Options: SAMEORIGIN
Content-Type: text/html; charset=UTF-8
Date: Mon, 25 Mar 2013 15:01:15 GMT
Content-Length: 8
Connection: close
Set-Cookie: cwrClyrK4LoCV1fydGbAxiNL6iG=h4rDDL32ntMyfJ3DMsZ1qaSYN2AYzZ3L1xM1L-uRLb9GD7JqGx2MjSi_0MluCkt6V5DJXxuolKQFHsOUGrgnhDlQRLN0G28Ynf_VN-h0frcLmYpLJ8fiw7xMaobSZZEzuC1m0G%7cT_PoF6gzGnWvZPPVHtBZ3zzQf1MVcxDlDHiUqSkQVidSJYTLBFSblI64Fvc-UQ5G_707-W%7c8JVR_JnENTN2hxyr61kjICofqRNAMAC9T0bdfzUMlLqJ8pdbvSxygDtHBiJgsj7RCvndi0%7c1364223675; domain=.paypal.com; path=/; HttpOnly
Set-Cookie: cookie_check=yes; expires=Thu, 23-Mar-2023 15:01:15 GMT; domain=.paypal.com; path=/; HttpOnly
Set-Cookie: navcmd=_notify-validate; domain=.paypal.com; path=/; HttpOnly
Set-Cookie: navlns=0.0; expires=Sun, 20-Mar-2033 15:01:15 GMT; domain=.paypal.com; path=/; HttpOnly
Set-Cookie: aksession=1364223975~id=cookie9hllVi0+FMFYoc4u2Z17tBs100QfWW6OSpGXG6vJF/+d+NWUGXgPL8goxlqslAyShHM2Rg1u0OK1/GnDuIXqLuK5485YJ5F5eeHzl4blGVht76QVfsDxbO988Bh0/TkM; expires=Mon, 25-Mar-2013 15:06:15 GMT; path=/; domain=.paypal.com

VERIFIED

[03/25/2013 5:45 PM] - SUCCESS!
IPN POST Vars from Paypal:
mc_gross=12.00, protection_eligibility=Ineligible, payer_id=9Y5C5KAFGGT4J, tax=0.00, payment_date=09:45:13 Mar 25, 2013 PDT, payment_status=Completed, charset=windows-1252, first_name=Alan, mc_fee=0.58, notify_version=3.7, custom=1112, payer_status=unverified, business=samba_godschynski@web.de, quantity=1, verify_sign=AiKZhEEPLJjSIccz.2M.tbyW5YFwAwyRynmZU4NfwI-PGWPGUDkaMLmS, payer_email=zielinski.alan@gmail.com, txn_id=7NP110303R510492P, payment_type=instant, btn_id=59310348, last_name=Zielinski, receiver_email=samba_godschynski@web.de, payment_fee=, shipping_discount=0.00, insurance_amount=0.00, receiver_id=ZAVWPQJ89KKLY, txn_type=web_accept, item_name=VSTForx-PreRelease, discount=0.00, mc_currency=EUR, item_number=3, residence_country=GB, handling_amount=0.00, shipping_method=Default, transaction_subject=1112, payment_gross=, shipping=0.00, ipn_track_id=e9b415f73e266, 
IPN Response from Paypal Server:
 HTTP/1.1 200 OK
Server: Apache
X-Frame-Options: SAMEORIGIN
Content-Type: text/html; charset=UTF-8
Date: Mon, 25 Mar 2013 16:45:19 GMT
Content-Length: 8
Connection: close
Set-Cookie: cwrClyrK4LoCV1fydGbAxiNL6iG=TymH_fs4wTswzCLfX86cZm7Boo9b6Iz1IMISP352tF0YwD7LV6Su2jOll2803IP34g5Uk2j6LAsXVphH6SRRA3kGflZ81r2VeOoCNNq8YPRaN4oZvZnT6dH9VfJQyTc7KSMP4W%7c09IKsHnFO3tdvTiX35bcLCpnAmoJDgCM-OsvBZMTlhqofSrs15nif-cOQVfkmKgOcIe890%7c4OL69YdDr8NyTHbPT0rQFKGqlevQuA24sj5LKJmaPBr7521qtKG27mhUZ-mGXLGzuN50y0%7c1364229918; domain=.paypal.com; path=/; HttpOnly
Set-Cookie: cookie_check=yes; expires=Thu, 23-Mar-2023 16:45:18 GMT; domain=.paypal.com; path=/; HttpOnly
Set-Cookie: navcmd=_notify-validate; domain=.paypal.com; path=/; HttpOnly
Set-Cookie: navlns=0.0; expires=Sun, 20-Mar-2033 16:45:18 GMT; domain=.paypal.com; path=/; HttpOnly
Set-Cookie: aksession=1364230219~id=cookieYUIImbUW2ocVtmJ5lYsAq5gcQl4KezrcPKtyNzO0D2i/kM+bRE5b4NB1Bm2p+MJublnPNFLbgnv0Y4TnwM6LDR/5GHj9wEry2gYwt6HUAclzHiFzg80LZnArM/MjjRUb; expires=Mon, 25-Mar-2013 16:50:19 GMT; path=/; domain=.paypal.com

VERIFIED

[03/25/2013 6:05 PM] - SUCCESS!
IPN POST Vars from Paypal:
mc_gross=12.00, protection_eligibility=Ineligible, payer_id=LTC9RU7PUTMSG, tax=0.00, payment_date=10:05:42 Mar 25, 2013 PDT, payment_status=Completed, charset=windows-1252, first_name=Ralph, mc_fee=0.82, notify_version=3.7, custom=1283, payer_status=verified, business=samba_godschynski@web.de, quantity=1, verify_sign=AiKZhEEPLJjSIccz.2M.tbyW5YFwAb3KW3FQxY4-7JGKcxZFxgoVi.ZV, payer_email=rapa@ix.netcom.com, txn_id=2MB161751X871782Y, payment_type=instant, btn_id=59310348, last_name=Phraner, receiver_email=samba_godschynski@web.de, payment_fee=, shipping_discount=0.00, insurance_amount=0.00, receiver_id=ZAVWPQJ89KKLY, txn_type=web_accept, item_name=VSTForx-PreRelease, discount=0.00, mc_currency=EUR, item_number=3, residence_country=US, handling_amount=0.00, shipping_method=Default, transaction_subject=1283, payment_gross=, shipping=0.00, ipn_track_id=56459fb17579c, 
IPN Response from Paypal Server:
 HTTP/1.1 200 OK
Server: Apache
X-Frame-Options: SAMEORIGIN
Content-Type: text/html; charset=UTF-8
Date: Mon, 25 Mar 2013 17:05:47 GMT
Content-Length: 8
Connection: close
Set-Cookie: cwrClyrK4LoCV1fydGbAxiNL6iG=YQc_2fI-4_vZQW88jCrMtuv4g_yjX9Zmr23GNmxFQExhMSX91ov7tbvQyBq18jfke3Kgc7ApAQL_cO8Hnph2i9mX0xzIp8ZOhxIHMoLk3AVvmxBfLqZfF7a2HH1ei0XGm7hf9G%7cDIDR91Sbv91dJ5ItN80mFiyvSG4Ir5MgxwE67EUqR-qmgvsDciHRnE0NO3Rsx0penXvKH0%7cbkncEhsAnCaXZW0A5i1Kzak0rky7ijb0Lqe0Oh5nquWtnoWGTqVoSBZ8dYwvbJC8SRETI0%7c1364231147; domain=.paypal.com; path=/; HttpOnly
Set-Cookie: cookie_check=yes; expires=Thu, 23-Mar-2023 17:05:47 GMT; domain=.paypal.com; path=/; HttpOnly
Set-Cookie: navcmd=_notify-validate; domain=.paypal.com; path=/; HttpOnly
Set-Cookie: navlns=0.0; expires=Sun, 20-Mar-2033 17:05:47 GMT; domain=.paypal.com; path=/; HttpOnly
Set-Cookie: aksession=1364231447~id=cookiebjDeNy3rW+Pbdw2oB0uswGeeUVf7AeoixT1xpnsM+2TbuxRrWCV5c9PunhtOyuvLltsCpX+FUk2eC2RsjKi44ZpOq2tuJAQlNIHbuMDT6JNdt7CIMB41xFIbAvuxm25Q; expires=Mon, 25-Mar-2013 17:10:47 GMT; path=/; domain=.paypal.com

VERIFIED

[03/25/2013 7:12 PM] - SUCCESS!
IPN POST Vars from Paypal:
mc_gross=12.00, protection_eligibility=Ineligible, payer_id=K5XTV5PN3BJ4E, tax=0.00, payment_date=11:12:24 Mar 25, 2013 PDT, payment_status=Completed, charset=windows-1252, first_name=Alfonso, mc_fee=0.58, notify_version=3.7, custom=557, payer_status=verified, business=samba_godschynski@web.de, quantity=1, verify_sign=AXkmsNO19PCVciG9t8Brmm7HqnJ6AH8Gc9WQSa0BeA58-O2lxBD3B51., payer_email=alfonso.santimone@gmail.com, txn_id=4SG83016UM7782823, payment_type=instant, btn_id=59310348, last_name=Santimone, receiver_email=samba_godschynski@web.de, payment_fee=, shipping_discount=0.00, insurance_amount=0.00, receiver_id=ZAVWPQJ89KKLY, txn_type=web_accept, item_name=VSTForx-PreRelease, discount=0.00, mc_currency=EUR, item_number=3, residence_country=IT, handling_amount=0.00, shipping_method=Default, transaction_subject=557, payment_gross=, shipping=0.00, ipn_track_id=230efc863b5dd, 
IPN Response from Paypal Server:
 HTTP/1.1 200 OK
Server: Apache
X-Frame-Options: SAMEORIGIN
Content-Type: text/html; charset=UTF-8
Date: Mon, 25 Mar 2013 18:12:34 GMT
Content-Length: 8
Connection: close
Set-Cookie: cwrClyrK4LoCV1fydGbAxiNL6iG=K6X3TnfHWJ8K_552XV_gsg38_ipa8Qi70JDhwc6nA5k6y9WfAdtp7QJwouoYr7N2fDG52Ve5-eeTIpIbynx-mPX9PRuMKX0aSmPordn7oGvEctVWzkCCEY47i6-m6LHqFfDAA0%7cldovfbWevK4zjZQtEhEPmCheJHtU1jc9qXnb0jxPXWr1n_QpJHTwWwaD28xwj95BplPxl0%7c-ChHM7MfbXbkwvRViSkPsVxHU7Dd6AtpdWW0RSYrQOuvw9G2aa-Z7hVKgJxWiuTz8UtWcG%7c1364235153; domain=.paypal.com; path=/; HttpOnly
Set-Cookie: cookie_check=yes; expires=Thu, 23-Mar-2023 18:12:33 GMT; domain=.paypal.com; path=/; HttpOnly
Set-Cookie: navcmd=_notify-validate; domain=.paypal.com; path=/; HttpOnly
Set-Cookie: navlns=0.0; expires=Sun, 20-Mar-2033 18:12:33 GMT; domain=.paypal.com; path=/; HttpOnly
Set-Cookie: aksession=1364235454~id=cookiewmMUCmGHO5K0xwHNSWLjeXwGr9j8hIBgittjqcHNjXEkVrSX3/RJZ3dnG8TAzbZefuGbCKjehjpM/p9ZQeoK5NWNgvjc8cuMQ7IW3tAUs7wr4VK0eakfhjy5jOEhhJ9t; expires=Mon, 25-Mar-2013 18:17:34 GMT; path=/; domain=.paypal.com

VERIFIED

[03/25/2013 7:33 PM] - SUCCESS!
IPN POST Vars from Paypal:
mc_gross=12.00, protection_eligibility=Ineligible, payer_id=UDKRTHX87MZPE, tax=0.00, payment_date=11:33:44 Mar 25, 2013 PDT, payment_status=Completed, charset=windows-1252, first_name=Duncan, mc_fee=0.58, notify_version=3.7, custom=560, payer_status=verified, business=samba_godschynski@web.de, quantity=1, verify_sign=AB8uKJ-cgis5XVZJfu8yXdO6dhrpAGmjT5fcmUZsMRcZl4cg0g6SebJ4, payer_email=duncan.farmer2@blueyonder.co.uk, txn_id=7WN388748T210720D, payment_type=instant, btn_id=59310348, last_name=Farmer, receiver_email=samba_godschynski@web.de, payment_fee=, shipping_discount=0.00, insurance_amount=0.00, receiver_id=ZAVWPQJ89KKLY, txn_type=web_accept, item_name=VSTForx-PreRelease, discount=0.00, mc_currency=EUR, item_number=3, residence_country=GB, handling_amount=0.00, shipping_method=Default, transaction_subject=560, payment_gross=, shipping=0.00, ipn_track_id=7a119e7d9aa3b, 
IPN Response from Paypal Server:
 HTTP/1.1 200 OK
Server: Apache
X-Frame-Options: SAMEORIGIN
Content-Type: text/html; charset=UTF-8
Date: Mon, 25 Mar 2013 18:33:49 GMT
Content-Length: 8
Connection: close
Set-Cookie: cwrClyrK4LoCV1fydGbAxiNL6iG=CZn7qq5iJZUVLdMLmPJIe9zLBp3rLEHdWxArk8L_V5HsIDXT_V2MMiRnkoOkUG6snyfk2Ii3GKXmIjA8Q1iNKmgFLsb36wfUulGDZPF3K3HegSyi53YdbkH0HT6rDLMkivBZCG%7c2X594v7CtG_b6bEFwZ_-tBMB1_BppX8NXlp0I7uiIN3WpFpPau05qJKdhfRpe1ItVP5-K0%7coLHTYnFMxelOszugIGy5e_ON5aEm6MuouXWkUF9H7drWoH8RBm8I0s1TVBTkr6aKyjIiam%7c1364236429; domain=.paypal.com; path=/; HttpOnly
Set-Cookie: cookie_check=yes; expires=Thu, 23-Mar-2023 18:33:49 GMT; domain=.paypal.com; path=/; HttpOnly
Set-Cookie: navcmd=_notify-validate; domain=.paypal.com; path=/; HttpOnly
Set-Cookie: navlns=0.0; expires=Sun, 20-Mar-2033 18:33:49 GMT; domain=.paypal.com; path=/; HttpOnly
Set-Cookie: aksession=1364236729~id=cookier84aI1WBztQUun3VyaI7qxPpDLaAg07pNVcQbtMliaAHjY+d2tmTXSVZc21KjWLQZr3wfNXUuksH3KJ5DKN3KwWDGNUAK+iB6qhfiWpCXYd6t13KiMxarjrmPNBZi4MW; expires=Mon, 25-Mar-2013 18:38:49 GMT; path=/; domain=.paypal.com

VERIFIED

[03/25/2013 8:01 PM] - SUCCESS!
IPN POST Vars from Paypal:
mc_gross=12.00, protection_eligibility=Ineligible, payer_id=BS9PQ225D74A4, tax=0.00, payment_date=12:01:47 Mar 25, 2013 PDT, payment_status=Completed, charset=windows-1252, first_name=Pascal, mc_fee=0.94, notify_version=3.7, custom=817, payer_status=verified, business=samba_godschynski@web.de, quantity=1, verify_sign=AGs52InFHk3cJ5j80u2Udq.A26J4AjJP8sc9Sf.L7qO93-JNkIaSB7f., payer_email=pascal@kulman.ch, txn_id=9BP49871L8463012K, payment_type=instant, btn_id=59310348, last_name=Kulman, receiver_email=samba_godschynski@web.de, payment_fee=, shipping_discount=0.00, insurance_amount=0.00, receiver_id=ZAVWPQJ89KKLY, txn_type=web_accept, item_name=VSTForx-PreRelease, discount=0.00, mc_currency=EUR, item_number=3, residence_country=CH, handling_amount=0.00, shipping_method=Default, transaction_subject=817, payment_gross=, shipping=0.00, ipn_track_id=a6926144645cd, 
IPN Response from Paypal Server:
 HTTP/1.1 200 OK
Server: Apache
X-Frame-Options: SAMEORIGIN
Content-Type: text/html; charset=UTF-8
Date: Mon, 25 Mar 2013 19:01:52 GMT
Content-Length: 8
Connection: close
Set-Cookie: cwrClyrK4LoCV1fydGbAxiNL6iG=fQSDSf16YbDkwn9LNCBMjkN9ulicFWWmCJdgl1qomJxKjEYElAtiMJYRLD3J-XJdA2-Xg0TM9d7oSbsVjCCu87JS0Dj9zu_js7S18cBOcH_auBKIK7LlGAJLsJi%7c9ob4yDZfjkbrzMsg2WXKFTV9NDAqQHTXFtjf4Bb0dofx-G85hK7eAXpnHDxwCFDYO6pouW%7cYFa6d9RctqXk1dE4hGzNKJfrnC5pWZkJEG59-W_9bYgfpjItjWxg9RPz_NE935CVovtmd0%7c1364238112; domain=.paypal.com; path=/; HttpOnly
Set-Cookie: cookie_check=yes; expires=Thu, 23-Mar-2023 19:01:52 GMT; domain=.paypal.com; path=/; HttpOnly
Set-Cookie: navcmd=_notify-validate; domain=.paypal.com; path=/; HttpOnly
Set-Cookie: navlns=0.0; expires=Sun, 20-Mar-2033 19:01:52 GMT; domain=.paypal.com; path=/; HttpOnly
Set-Cookie: aksession=1364238412~id=cookiev9Z5Ei9jargEjIsHeHOK6ROlUlo17W97KC2TJF2JzF5BRbCydklnDmxNxfz5wKCzO+1hsTuB7KFZXGQakKbMLnK8RxSk818S/7atUkuKyWIJfj90A+otAFcUxE1sIqC2; expires=Mon, 25-Mar-2013 19:06:52 GMT; path=/; domain=.paypal.com

VERIFIED

[03/25/2013 8:15 PM] - SUCCESS!
IPN POST Vars from Paypal:
mc_gross=12.00, protection_eligibility=Ineligible, payer_id=7QYUY2VA3SFBC, tax=0.00, payment_date=12:15:27 Mar 25, 2013 PDT, payment_status=Completed, charset=windows-1252, first_name=Markus, mc_fee=0.58, notify_version=3.7, custom=1268, payer_status=verified, business=samba_godschynski@web.de, quantity=1, verify_sign=AYaoVYmULJHVQ-Y9jXLzv8K64jACAKwKk9xywIybphPrJi5S4gHokAGO, payer_email=markus.keil@web.de, txn_id=3KJ56386DG184963U, payment_type=instant, btn_id=59310348, last_name=Keil, receiver_email=samba_godschynski@web.de, payment_fee=, shipping_discount=0.00, insurance_amount=0.00, receiver_id=ZAVWPQJ89KKLY, txn_type=web_accept, item_name=VSTForx-PreRelease, discount=0.00, mc_currency=EUR, item_number=3, residence_country=DE, handling_amount=0.00, shipping_method=Default, transaction_subject=1268, payment_gross=, shipping=0.00, ipn_track_id=c4e3db906b24b, 
IPN Response from Paypal Server:
 HTTP/1.1 200 OK
Server: Apache
X-Frame-Options: SAMEORIGIN
Content-Type: text/html; charset=UTF-8
Date: Mon, 25 Mar 2013 19:15:32 GMT
Content-Length: 8
Connection: close
Set-Cookie: cwrClyrK4LoCV1fydGbAxiNL6iG=GoLe1lP1asfdGpvozp3nqtigN6cgpiwRfT_BWbUHnrEih3OZ_Q65fbgmBRCXiwz-EWQrLYQpzgpu0eWGjMu0YBEU6K8pilziUsqhJE23sXZ5v2VyGmgn1aAJpncV5XXeEi6OaW%7clmKDV0_yQay8rI3b1rU86YUu7DQfL-NWVtrxjq66uqw7CzSotv2JFFqM3L3m2X7nD-Tez0%7cbzVfIV353HrTgIcGHJ54nx1wU2kGzbfxLzsfRfGMbPAv32_xaQUHqnnFl2HDo_L9VPtPzG%7c1364238932; domain=.paypal.com; path=/; HttpOnly
Set-Cookie: cookie_check=yes; expires=Thu, 23-Mar-2023 19:15:32 GMT; domain=.paypal.com; path=/; HttpOnly
Set-Cookie: navcmd=_notify-validate; domain=.paypal.com; path=/; HttpOnly
Set-Cookie: navlns=0.0; expires=Sun, 20-Mar-2033 19:15:32 GMT; domain=.paypal.com; path=/; HttpOnly
Set-Cookie: aksession=1364239232~id=cookiexaPrjhoH7YUaZwfjXsubvy6UYD3bJDXtLzLQ73eU4kHMIHj2w1gsPIVjZqH7ZYozdWhfRz6ztsDEUFiGlsAKjJeDnA+O/E5gpYWqmKYnC4AAv+qjCdwIieAD1zWYRlJC; expires=Mon, 25-Mar-2013 19:20:32 GMT; path=/; domain=.paypal.com

VERIFIED

[03/25/2013 9:11 PM] - SUCCESS!
IPN POST Vars from Paypal:
mc_gross=12.00, protection_eligibility=Ineligible, payer_id=RYRTTU8S9FLN2, tax=0.00, payment_date=13:11:22 Mar 25, 2013 PDT, payment_status=Completed, charset=windows-1252, first_name=greg, mc_fee=0.97, notify_version=3.7, custom=935, payer_status=verified, business=samba_godschynski@web.de, quantity=1, verify_sign=A9LC3Qajo-H2V8mPq4eIktgPvG2RAGy179kx2KaOVVNsGSaln6Ay22qk, payer_email=gregstuarthooper@gmail.com, txn_id=97P86166HG324003W, payment_type=instant, btn_id=59310348, last_name=hooper, receiver_email=samba_godschynski@web.de, payment_fee=, shipping_discount=0.00, insurance_amount=0.00, receiver_id=ZAVWPQJ89KKLY, txn_type=web_accept, item_name=VSTForx-PreRelease, discount=0.00, mc_currency=EUR, item_number=3, residence_country=AU, handling_amount=0.00, shipping_method=Default, transaction_subject=935, payment_gross=, shipping=0.00, ipn_track_id=f920ddf26b434, 
IPN Response from Paypal Server:
 HTTP/1.1 200 OK
Server: Apache
X-Frame-Options: SAMEORIGIN
Content-Type: text/html; charset=UTF-8
Date: Mon, 25 Mar 2013 20:11:26 GMT
Content-Length: 8
Connection: close
Set-Cookie: cwrClyrK4LoCV1fydGbAxiNL6iG=kdhuFNP_xJVxxKXJYnHfx8bLwgA_ar-pc-MKYxCHV14hmPacm1zYbH0JXqwPTUtDuSJND3-JWNck1E6ihZrKU3qIdMKl_4Yi2D5Sc3nHTR4MsgqP2LRKgAQTuAC%7cahVFPVm19S7QKLdL0MpISA4BwZtDocWKxcLaPdnATm49_4C2CI4cvmhW-6FIuHDblUx-eG%7cSY6Z6zzVnG7BmF2cIfU_OP52aKVgtUX3GX75Pob7E1m6kmqeZRpIw-aPCnwsM8OcFCfvbW%7c1364242286; domain=.paypal.com; path=/; HttpOnly
Set-Cookie: cookie_check=yes; expires=Thu, 23-Mar-2023 20:11:26 GMT; domain=.paypal.com; path=/; HttpOnly
Set-Cookie: navcmd=_notify-validate; domain=.paypal.com; path=/; HttpOnly
Set-Cookie: navlns=0.0; expires=Sun, 20-Mar-2033 20:11:26 GMT; domain=.paypal.com; path=/; HttpOnly
Set-Cookie: aksession=1364242586~id=cookieHmDAw4nIrInQprFkXpgP2htLG6f8sorlg6fixyr5RFB1KIzYYRis7/j9aQ2UkqHqHOoNF4R4vcSw6khF+E7XtDjcaNFcXR2a30S2wSYF1wmwSedT4nUDQVVq/8K6OCpw; expires=Mon, 25-Mar-2013 20:16:26 GMT; path=/; domain=.paypal.com

VERIFIED

[03/25/2013 9:15 PM] - SUCCESS!
IPN POST Vars from Paypal:
mc_gross=12.00, protection_eligibility=Ineligible, payer_id=P9LZFXNEL3TSQ, tax=0.00, payment_date=13:15:21 Mar 25, 2013 PDT, payment_status=Completed, charset=windows-1252, first_name=peter, mc_fee=0.58, notify_version=3.7, custom=581, payer_status=verified, business=samba_godschynski@web.de, quantity=1, verify_sign=Ae-XDUZhrxwaCSsmGO9JpO33K7P1AQC1daRdwbKbf1NsxbsyaPxKpprt, payer_email=craigpeterlee@hotmail.com, txn_id=44986608K0901725J, payment_type=instant, btn_id=59310348, last_name=lee, receiver_email=samba_godschynski@web.de, payment_fee=, shipping_discount=0.00, insurance_amount=0.00, receiver_id=ZAVWPQJ89KKLY, txn_type=web_accept, item_name=VSTForx-PreRelease, discount=0.00, mc_currency=EUR, item_number=3, residence_country=GB, handling_amount=0.00, shipping_method=Default, transaction_subject=581, payment_gross=, shipping=0.00, ipn_track_id=d3c07a7438750, 
IPN Response from Paypal Server:
 HTTP/1.1 200 OK
Server: Apache
X-Frame-Options: SAMEORIGIN
Content-Type: text/html; charset=UTF-8
Date: Mon, 25 Mar 2013 20:15:27 GMT
Content-Length: 8
Connection: close
Set-Cookie: cwrClyrK4LoCV1fydGbAxiNL6iG=xLHgFXljqcu4UsZAAdQBoBm-UycMDkWcPnQYLPqB2LUZbuRnXwIw2B2fn1wPj2HBYgbOv-AQ4FyzS6svMSpAdQisX_CxcDzJp1bcqe8_mENn0T4Wi0A-b5Uz7UMzINjPKzckPG%7cPA9zNluTh4duimT6q0Co53uVEARRCCLZou9f5hgu8do2Zd1tdu5oH3t9vFntNX96qkpxiG%7cRUrcdhzz9_9uV0ka_EeWigTVXC7B1-PmBh1VEeJjN4She96lWBS9o4nHDxW1D1AnGSVAfW%7c1364242527; domain=.paypal.com; path=/; HttpOnly
Set-Cookie: cookie_check=yes; expires=Thu, 23-Mar-2023 20:15:27 GMT; domain=.paypal.com; path=/; HttpOnly
Set-Cookie: navcmd=_notify-validate; domain=.paypal.com; path=/; HttpOnly
Set-Cookie: navlns=0.0; expires=Sun, 20-Mar-2033 20:15:27 GMT; domain=.paypal.com; path=/; HttpOnly
Set-Cookie: aksession=1364242827~id=cookielBzpse4Ff3L69Y8DEwGZfdPmaFeqroSUeNd87IH1hO0VGMNJcWC6T2uCvorTNh3pCF/d5OkAQ4Vs3HT5Oxuh5CMgO35WYeji8L9PU5XlgOwaI7+Ovsxj2HDB40Elp2SF; expires=Mon, 25-Mar-2013 20:20:27 GMT; path=/; domain=.paypal.com

VERIFIED

[03/25/2013 9:16 PM] - SUCCESS!
IPN POST Vars from Paypal:
mc_gross=12.00, protection_eligibility=Ineligible, payer_id=26RGQELTJKBXE, tax=0.00, payment_date=13:16:07 Mar 25, 2013 PDT, payment_status=Completed, charset=windows-1252, first_name=Matt, mc_fee=0.58, notify_version=3.7, custom=634, payer_status=verified, business=samba_godschynski@web.de, quantity=1, verify_sign=AiKZhEEPLJjSIccz.2M.tbyW5YFwA71wAcht2fJ39pF413HMlX1AIwI5, payer_email=creepjoint@gmail.com, txn_id=7TG71056HF6579445, payment_type=instant, btn_id=59310348, last_name=Parker, receiver_email=samba_godschynski@web.de, payment_fee=, shipping_discount=0.00, insurance_amount=0.00, receiver_id=ZAVWPQJ89KKLY, txn_type=web_accept, item_name=VSTForx-PreRelease, discount=0.00, mc_currency=EUR, item_number=3, residence_country=GB, handling_amount=0.00, shipping_method=Default, transaction_subject=634, payment_gross=, shipping=0.00, ipn_track_id=a37b01fa927f5, 
IPN Response from Paypal Server:
 HTTP/1.1 200 OK
Server: Apache
X-Frame-Options: SAMEORIGIN
Content-Type: text/html; charset=UTF-8
Date: Mon, 25 Mar 2013 20:16:11 GMT
Content-Length: 8
Connection: close
Set-Cookie: cwrClyrK4LoCV1fydGbAxiNL6iG=DM6toqGnGWHfOblV0A4RlKmJckcsXrEpY3E7uactKJefli_czM21sC_0sLbs6o2Rl6xZf8tehnIxyGsRQylg4kBN1Zc-U5AAsJmPjm_v-hsgFyURzNTybHx4uDQlwcvqUJkWb0%7cH9m89wpaUqTOC6RkrGTPzcAft8S-3loS69VcXkJjEuWMbg_IhK6zKKSglhR3Na5G6R3srm%7cDOA6FGhPzhL2Hi1XNbkXTCjiyMj9XtWTJgUGxuJjpeKtcfLFFCy8ZH9i6kl9jyO4DpkrRW%7c1364242571; domain=.paypal.com; path=/; HttpOnly
Set-Cookie: cookie_check=yes; expires=Thu, 23-Mar-2023 20:16:11 GMT; domain=.paypal.com; path=/; HttpOnly
Set-Cookie: navcmd=_notify-validate; domain=.paypal.com; path=/; HttpOnly
Set-Cookie: navlns=0.0; expires=Sun, 20-Mar-2033 20:16:11 GMT; domain=.paypal.com; path=/; HttpOnly
Set-Cookie: aksession=1364242871~id=cookie6l0p60SNcK/EK71MrE0xQH9DSFOm/5VJfE6V7XlTJTP5H2M2OAhOpbd8Wgu8tIsKuV2wHFT62zWj1UG62n07sKfCedyYCB5DOR7HnZzEaDtXU5gF+R0JTjqLtv8pr6sB; expires=Mon, 25-Mar-2013 20:21:11 GMT; path=/; domain=.paypal.com

VERIFIED

[03/25/2013 9:16 PM] - SUCCESS!
IPN POST Vars from Paypal:
mc_gross=12.00, protection_eligibility=Ineligible, payer_id=XB9TRDTJ9CJG4, tax=0.00, payment_date=13:16:32 Mar 25, 2013 PDT, payment_status=Completed, charset=windows-1252, first_name=Mladen, mc_fee=0.58, notify_version=3.7, custom=1694, payer_status=verified, business=samba_godschynski@web.de, quantity=1, verify_sign=AQYTgL3v31I0V8X0-w0FFi87o1FAAU2-0V0VXCIYkxsT1Jt1L8HYgpvc, payer_email=mkaticic@yahoo.de, txn_id=5CC49332H90146439, payment_type=instant, btn_id=59310348, last_name=Katicic, receiver_email=samba_godschynski@web.de, payment_fee=, shipping_discount=0.00, insurance_amount=0.00, receiver_id=ZAVWPQJ89KKLY, txn_type=web_accept, item_name=VSTForx-PreRelease, discount=0.00, mc_currency=EUR, item_number=3, residence_country=DE, handling_amount=0.00, shipping_method=Default, transaction_subject=1694, payment_gross=, shipping=0.00, ipn_track_id=8e21ceefa010b, 
IPN Response from Paypal Server:
 HTTP/1.1 200 OK
Server: Apache
X-Frame-Options: SAMEORIGIN
Content-Type: text/html; charset=UTF-8
Date: Mon, 25 Mar 2013 20:16:41 GMT
Content-Length: 8
Connection: close
Set-Cookie: cwrClyrK4LoCV1fydGbAxiNL6iG=WbFmy5s5HHjKvKklCFBp5GCxN_01AHyixhpvQLedwSdakD3iVQBxutAIwDa2yu6Wj3i56r2m62W93MveXSvDMpiM8WqULECNzWwJcVFSKgAAfYP3O9gitnzxUbZVgD-Qo-ErMm%7c_DhQIpOO4Xuv3CKG6NmvoxR2Qs285NXng997opb7q5D0mmkwJRcPUkhQygOVNXj_KCX8QG%7c70-68KfdavnxjEmilGYSukdvEaLjYeBZDFfuoLG7vI6UqbDiUJA-57nmhqN7iR7WSnMVT0%7c1364242601; domain=.paypal.com; path=/; HttpOnly
Set-Cookie: cookie_check=yes; expires=Thu, 23-Mar-2023 20:16:41 GMT; domain=.paypal.com; path=/; HttpOnly
Set-Cookie: navcmd=_notify-validate; domain=.paypal.com; path=/; HttpOnly
Set-Cookie: navlns=0.0; expires=Sun, 20-Mar-2033 20:16:41 GMT; domain=.paypal.com; path=/; HttpOnly
Set-Cookie: aksession=1364242901~id=cookieJ29DB2AbaHGw6hLywAxZPubQ+NsqOYM6RcQw7fmeS0llL9wuAhPF4Zf9qBlnSZ+dwFN0n/fLItPPVP0CcdUpLf7Vrr8Rd/a4AWUJDQn8xsu+hGaj0dZ/yqEf9I/72rsp; expires=Mon, 25-Mar-2013 20:21:41 GMT; path=/; domain=.paypal.com

VERIFIED

[03/26/2013 2:27 AM] - SUCCESS!
IPN POST Vars from Paypal:
mc_gross=12.00, protection_eligibility=Ineligible, payer_id=RLVS4M4B6H7L2, tax=0.00, payment_date=18:26:58 Mar 25, 2013 PDT, payment_status=Completed, charset=windows-1252, first_name=Robert, mc_fee=0.58, notify_version=3.7, custom=1077, payer_status=unverified, business=samba_godschynski@web.de, quantity=1, verify_sign=A7QECcKTFZ9pz1ys9WhZZsUYqDv1AbElhSC8i-wVRdsDdz5nofJPVOp4, payer_email=paypal@globalwordwideinternational.co.uk, txn_id=1EH65095M8578070S, payment_type=instant, btn_id=59310348, last_name=Boole, receiver_email=samba_godschynski@web.de, payment_fee=, shipping_discount=0.00, insurance_amount=0.00, receiver_id=ZAVWPQJ89KKLY, txn_type=web_accept, item_name=VSTForx-PreRelease, discount=0.00, mc_currency=EUR, item_number=3, residence_country=GB, handling_amount=0.00, shipping_method=Default, transaction_subject=1077, payment_gross=, shipping=0.00, ipn_track_id=858b4309aebeb, 
IPN Response from Paypal Server:
 HTTP/1.1 200 OK
Server: Apache
X-Frame-Options: SAMEORIGIN
Content-Type: text/html; charset=UTF-8
Date: Tue, 26 Mar 2013 01:27:03 GMT
Content-Length: 8
Connection: close
Set-Cookie: cwrClyrK4LoCV1fydGbAxiNL6iG=m9Us1RibLWu6556OyXngYFdL1howPeinXqkF0EuDGjHCk1TqP47paA4iGYUAWTLgkowDkLfuhxeu2Wzycoi4-oOg_R9WkgYjgpUCQrnGAII4U2r7MXXvMCuYFytjuAo3au4uTG%7c8cqf0jr41HBgHv-6wGlQUmycXAFon7qjW4pzFaGMyMTX4B06z7Nlg9-nA0Y6Kl3npy-06G%7cmcDET5u8LpK2Hp-49Hre3kWxw9NvPW9WpE89ddXy44Eah4EGTp0BMBfvhT0E6QNS3eD-s0%7c1364261222; domain=.paypal.com; path=/; HttpOnly
Set-Cookie: cookie_check=yes; expires=Fri, 24-Mar-2023 01:27:02 GMT; domain=.paypal.com; path=/; HttpOnly
Set-Cookie: navcmd=_notify-validate; domain=.paypal.com; path=/; HttpOnly
Set-Cookie: navlns=0.0; expires=Mon, 21-Mar-2033 01:27:02 GMT; domain=.paypal.com; path=/; HttpOnly
Set-Cookie: aksession=1364261523~id=cookieLmIF6ZYbjBAGYpx9Tiq4ShMcB63MHXop4agYCO6+34di9aETHIZVLPpPaQCbUqjJRupbItEtBTwLY4jMPV1Ac3S4lMp7f2+3+076OJH10RzogDGaZN1jSnhDTT46H9mw; expires=Tue, 26-Mar-2013 01:32:03 GMT; path=/; domain=.paypal.com

VERIFIED

[03/26/2013 6:12 AM] - SUCCESS!
IPN POST Vars from Paypal:
mc_gross=12.00, protection_eligibility=Ineligible, payer_id=WBZ8ZJVNQ5XE2, tax=0.00, payment_date=22:12:56 Mar 25, 2013 PDT, payment_status=Completed, charset=windows-1252, first_name=Marco, mc_fee=0.58, notify_version=3.7, custom=1695, payer_status=verified, business=samba_godschynski@web.de, quantity=1, verify_sign=AqQdwO.cqOgCtBRt2bI8pHNidfw3Ax0K45flqkqB1JjkQQSvmmmBuxuu, payer_email=i-nfo@asseca.com, txn_id=3VM19928X7899493D, payment_type=instant, btn_id=59310348, last_name=Spies, receiver_email=samba_godschynski@web.de, payment_fee=, shipping_discount=0.00, insurance_amount=0.00, receiver_id=ZAVWPQJ89KKLY, txn_type=web_accept, item_name=VSTForx-PreRelease, discount=0.00, mc_currency=EUR, item_number=3, residence_country=PT, handling_amount=0.00, shipping_method=Default, transaction_subject=1695, payment_gross=, shipping=0.00, ipn_track_id=ee89552c93b9c, 
IPN Response from Paypal Server:
 HTTP/1.1 200 OK
Server: Apache
X-Frame-Options: SAMEORIGIN
Content-Type: text/html; charset=UTF-8
Date: Tue, 26 Mar 2013 05:12:59 GMT
Content-Length: 8
Connection: close
Set-Cookie: cwrClyrK4LoCV1fydGbAxiNL6iG=trMp_mNhGKGY1qFJq_3lKPUvHyaaPIsVWPlqaP8wtHLYkUrDeLCt_IkI2lR0xtWvlYM01_nTQUkwf0RWmoo_FLwgkt4tDQZ2LGTzZ-km8iWA6bT-ZYyjfVV1AxO%7cB1EeX_cdLsqq2WEWxmyVAFKz4hxpMW9__9Yu-aLglQIg5wfYi8p2Xl12JHI4XHNHNuSt9m%7cYqN-EGbnoKIjP9kG6folBuRe5ZU43QfXoxSIV0m3Ij_lpsE4xY7GVXLb_PLQcdqq31xoQm%7c1364274779; domain=.paypal.com; path=/; HttpOnly
Set-Cookie: cookie_check=yes; expires=Fri, 24-Mar-2023 05:12:59 GMT; domain=.paypal.com; path=/; HttpOnly
Set-Cookie: navcmd=_notify-validate; domain=.paypal.com; path=/; HttpOnly
Set-Cookie: navlns=0.0; expires=Mon, 21-Mar-2033 05:12:59 GMT; domain=.paypal.com; path=/; HttpOnly
Set-Cookie: aksession=1364275079~id=cookieY4P2VuREVYo6INIX8PDvgoOZUfVm8THJhJb5/HFtHeGuL/Idf29+RjbKidOUYBdSoouYKfloJ+96/ni9weQJYSoSu1c9TjMQ5StST0bfN87ecChNe+nk+lZQOr8eoKUt; expires=Tue, 26-Mar-2013 05:17:59 GMT; path=/; domain=.paypal.com

VERIFIED

[03/26/2013 10:11 AM] - SUCCESS!
IPN POST Vars from Paypal:
mc_gross=12.00, protection_eligibility=Ineligible, payer_id=5YJTXU9VDDJNU, tax=0.00, payment_date=02:11:45 Mar 26, 2013 PDT, payment_status=Completed, charset=windows-1252, first_name=Matthias, mc_fee=0.58, notify_version=3.7, custom=1555, payer_status=verified, business=samba_godschynski@web.de, quantity=1, verify_sign=AQEgFLG-gYJRPNwVRAb4gD.Dx6t9AzYyLRqIzYVVfcQ.9vDyWRGqUGWF, payer_email=matthias.goehmann@animeo.de, txn_id=0TT57863CN996262J, payment_type=instant, payer_business_name=ANIMEO, btn_id=59310348, last_name=Göhmann, receiver_email=samba_godschynski@web.de, payment_fee=, shipping_discount=0.00, insurance_amount=0.00, receiver_id=ZAVWPQJ89KKLY, txn_type=web_accept, item_name=VSTForx-PreRelease, discount=0.00, mc_currency=EUR, item_number=3, residence_country=DE, handling_amount=0.00, shipping_method=Default, transaction_subject=1555, payment_gross=, shipping=0.00, ipn_track_id=f7277cd89b363, 
IPN Response from Paypal Server:
 HTTP/1.1 200 OK
Server: Apache
X-Frame-Options: SAMEORIGIN
Content-Type: text/html; charset=UTF-8
Date: Tue, 26 Mar 2013 09:11:48 GMT
Content-Length: 8
Connection: close
Set-Cookie: cwrClyrK4LoCV1fydGbAxiNL6iG=y1NeRRRpjv4RTfkSf_f351JHaJTS-Y2IkFYn8awXimPXiEUkt0fQBvmwjmc3IeunfOTXu5uJwRhaN1tXVkIhi2dJLCRg7eytfZ0LZNtJAEG9N03DwpB43VlO43NIXrvFqLIXB0%7cirXBGAeTQOsQacaQKq411Q9uQlW5TL0kW5Tpjb_Ee7B1wWoFRI1EUikgDqeta3CKhHiok0%7cgpYir3TVV6KrDiouTnu_xto51omiIfq1N__oB4nYzR5RCxSEVqDjs5avF2Cp5dMD2-C6vm%7c1364289107; domain=.paypal.com; path=/; HttpOnly
Set-Cookie: cookie_check=yes; expires=Fri, 24-Mar-2023 09:11:47 GMT; domain=.paypal.com; path=/; HttpOnly
Set-Cookie: navcmd=_notify-validate; domain=.paypal.com; path=/; HttpOnly
Set-Cookie: navlns=0.0; expires=Mon, 21-Mar-2033 09:11:47 GMT; domain=.paypal.com; path=/; HttpOnly
Set-Cookie: aksession=1364289408~id=cookieA8fB3KSRWvReJlfxJvDtDg+vRFMr+HhIotlsdCokNbrdkKeIJOAoK/YkRbqGvQsDIeyAKleYajlSGG8YRvjH740RH5NegPWgj3YdLbcna6v/2ICm8FAe3VGoMcVstWVl; expires=Tue, 26-Mar-2013 09:16:48 GMT; path=/; domain=.paypal.com

VERIFIED

[03/26/2013 11:24 AM] - SUCCESS!
IPN POST Vars from Paypal:
mc_gross=12.00, protection_eligibility=Ineligible, payer_id=G3AQRT66KNB7N, tax=0.00, payment_date=03:24:03 Mar 26, 2013 PDT, payment_status=Completed, charset=windows-1252, first_name=john, mc_fee=0.58, notify_version=3.7, custom=1697, payer_status=verified, business=samba_godschynski@web.de, quantity=1, verify_sign=AqMToYtonI.eRDKyZBlM1fvgu0CPAKdqX39UDMm41QX9QWjD.fF0lGUz, payer_email=john.w.watson@btconnect.com, txn_id=55L2434730573663W, payment_type=instant, btn_id=59310348, last_name=watson, receiver_email=samba_godschynski@web.de, payment_fee=, shipping_discount=0.00, insurance_amount=0.00, receiver_id=ZAVWPQJ89KKLY, txn_type=web_accept, item_name=VSTForx-PreRelease, discount=0.00, mc_currency=EUR, item_number=3, residence_country=GB, handling_amount=0.00, shipping_method=Default, transaction_subject=1697, payment_gross=, shipping=0.00, ipn_track_id=9ff9edca71e17, 
IPN Response from Paypal Server:
 HTTP/1.1 200 OK
Server: Apache
X-Frame-Options: SAMEORIGIN
Content-Type: text/html; charset=UTF-8
Date: Tue, 26 Mar 2013 10:24:10 GMT
Content-Length: 8
Connection: close
Set-Cookie: cwrClyrK4LoCV1fydGbAxiNL6iG=NQ9IDvQ4SJ8UvqpgCj7cVUSjiXfm5ddCaw9ZGLCToqLCm6c1xlnicSKMM_hZXB_jZ1vulj3_-YwN7aVbhH7Rf5bUlu5UGsP3-eaF3tPi8BztvOnK-Zl77mSfOuUNnSd2L46XMm%7cAjsPbyaLQn5iR0cq6lASLcxqDrOOKqK6vttV0q6Z7F7YAGqvN6Q-MIMARl0fW4IJLzfSQm%7ceU4ey6kDuu_IEc9dg9lWrBP88mlq26JD1eL8mAJZVdEXssB18vKwrLBqPiu9mKIYtpgGLW%7c1364293449; domain=.paypal.com; path=/; HttpOnly
Set-Cookie: cookie_check=yes; expires=Fri, 24-Mar-2023 10:24:09 GMT; domain=.paypal.com; path=/; HttpOnly
Set-Cookie: navcmd=_notify-validate; domain=.paypal.com; path=/; HttpOnly
Set-Cookie: navlns=0.0; expires=Mon, 21-Mar-2033 10:24:09 GMT; domain=.paypal.com; path=/; HttpOnly
Set-Cookie: aksession=1364293750~id=cookieZkG8cc/pxHxALVsu6klqmv5w4HlmIHCrq4hF4sN5+oCLBV5qxGKnbM+DJsL+IEy+3cyGocIFRtQXj4kyrVlLW4AdXktd5TX3LeCV5ICS8jIdZgLAN821WjdjYRifc+3t; expires=Tue, 26-Mar-2013 10:29:10 GMT; path=/; domain=.paypal.com

VERIFIED

[03/26/2013 12:04 PM] - SUCCESS!
IPN POST Vars from Paypal:
mc_gross=12.00, protection_eligibility=Ineligible, payer_id=Z5EL28LUT3KSG, tax=0.00, payment_date=04:04:07 Mar 26, 2013 PDT, payment_status=Completed, charset=windows-1252, first_name=Jørn Mikael, mc_fee=0.58, notify_version=3.7, custom=1056, payer_status=unverified, business=samba_godschynski@web.de, quantity=1, verify_sign=AtR27XKKJ-.n7oNiAjvLSNhpGUyvAoxu2R6g6CKg0sXM8fhEJdy7I71P, payer_email=jmbang@live.dk, txn_id=6DY31184VG456620T, payment_type=instant, btn_id=59310348, last_name=Bang, receiver_email=samba_godschynski@web.de, payment_fee=, shipping_discount=0.00, insurance_amount=0.00, receiver_id=ZAVWPQJ89KKLY, txn_type=web_accept, item_name=VSTForx-PreRelease, discount=0.00, mc_currency=EUR, item_number=3, residence_country=DK, handling_amount=0.00, shipping_method=Default, transaction_subject=1056, payment_gross=, shipping=0.00, ipn_track_id=b10aa5fa46010, 
IPN Response from Paypal Server:
 HTTP/1.1 200 OK
Server: Apache
X-Frame-Options: SAMEORIGIN
Content-Type: text/html; charset=UTF-8
Date: Tue, 26 Mar 2013 11:04:14 GMT
Content-Length: 8
Connection: close
Set-Cookie: cwrClyrK4LoCV1fydGbAxiNL6iG=d1o0Jqjb7djwxOq0A-rsm8Riv4otasubZT3-ldEERvBxcoaZ_5iuLh2yDD2TClD5OoPFSDBVOO33Lnc3GthYrPKPv_zBciPKdzbzbKl45kPbIv6H2Bqeynbvheq%7cFGVj9w5F6QmauH3cjLm1NxyzsfH9FkYrJf_0g5IlNInOhovtQvCkvEDVP-9BV9QWxtM8im%7c3MG6-DTwNCzJ2Nc87o5RTBzBuQ3dSxSiHBG0Nr6ttA8hqi5A8Wb_N1ZF5s1vAb5FACrBRW%7c1364295853; domain=.paypal.com; path=/; HttpOnly
Set-Cookie: cookie_check=yes; expires=Fri, 24-Mar-2023 11:04:13 GMT; domain=.paypal.com; path=/; HttpOnly
Set-Cookie: navcmd=_notify-validate; domain=.paypal.com; path=/; HttpOnly
Set-Cookie: navlns=0.0; expires=Mon, 21-Mar-2033 11:04:13 GMT; domain=.paypal.com; path=/; HttpOnly
Set-Cookie: aksession=1364296154~id=cookieaDsXiV0EyvtFZHVskRpZYyT9QI2P5vwREiAaBCYPTmXpE0/4oLV2wSWCu/64yOLmDnlFfCNBgcHsM0V++XLfH+226U+mf2HJuFX63TQTVXDCP76TaAhio7GtMSTNzePg; expires=Tue, 26-Mar-2013 11:09:14 GMT; path=/; domain=.paypal.com

VERIFIED

[03/26/2013 1:50 PM] - SUCCESS!
IPN POST Vars from Paypal:
mc_gross=12.00, protection_eligibility=Ineligible, payer_id=GJR83CY6J9MVJ, tax=0.00, payment_date=05:49:56 Mar 26, 2013 PDT, payment_status=Completed, charset=windows-1252, first_name=, mc_fee=0.94, notify_version=3.7, custom=920, payer_status=verified, business=samba_godschynski@web.de, quantity=1, verify_sign=AQka8lu38lz3VAysTXSI3Sigt7grArYQIUGtx2WEQR0zosVBWjmzhI0E, payer_email=kausto@gmail.com, txn_id=3AN018600X8658037, payment_type=instant, btn_id=59310348, last_name=, receiver_email=samba_godschynski@web.de, payment_fee=, shipping_discount=0.00, insurance_amount=0.00, receiver_id=ZAVWPQJ89KKLY, txn_type=web_accept, item_name=VSTForx-PreRelease, discount=0.00, mc_currency=EUR, item_number=3, residence_country=RU, handling_amount=0.00, shipping_method=Default, transaction_subject=920, payment_gross=, shipping=0.00, ipn_track_id=d17ccdaf765d1, 
IPN Response from Paypal Server:
 HTTP/1.1 200 OK
Server: Apache
X-Frame-Options: SAMEORIGIN
Content-Type: text/html; charset=UTF-8
Date: Tue, 26 Mar 2013 12:50:02 GMT
Content-Length: 8
Connection: close
Set-Cookie: cwrClyrK4LoCV1fydGbAxiNL6iG=02s33uYCszU-twv5VxYIEwCCYE6vEWBRMquI_CcvfhhuX5eSHCe4k3_TF3RUOWgZEOHz3-M9dPjIogqfRHNMhBAXQC3RArfIzxvgpSPo38VOJ6QrQSKDa5_VT1pfSh-RhDd2AW%7cv1w5cucgyU2goVzAmPc7S_PZveU9djKv5CK9LBS4h2_zBNPk7ylM-xtEJEGug8vtTC-sA0%7cZgJImWuH0nwYvtj3_C5g8ZvpMmDBy4Adbv-yrJanCsK1y8nON7JKIqd2KKE-hAgQoWbf7m%7c1364302202; domain=.paypal.com; path=/; HttpOnly
Set-Cookie: cookie_check=yes; expires=Fri, 24-Mar-2023 12:50:02 GMT; domain=.paypal.com; path=/; HttpOnly
Set-Cookie: navcmd=_notify-validate; domain=.paypal.com; path=/; HttpOnly
Set-Cookie: navlns=0.0; expires=Mon, 21-Mar-2033 12:50:02 GMT; domain=.paypal.com; path=/; HttpOnly
Set-Cookie: aksession=1364302502~id=cookieVlnyTfNI1Hgw6LuKyNVHPIOLrv9j130uayvzjmKNFa9fvwBEoJpZYA4tu8oDhFrM2kSIZPdh5663Gq4rtCCyIK3zGkmmyroY0kA81uUO1HryZQT6D0J7/7h98i6asi2X; expires=Tue, 26-Mar-2013 12:55:02 GMT; path=/; domain=.paypal.com

VERIFIED

[03/26/2013 6:31 PM] - SUCCESS!
IPN POST Vars from Paypal:
mc_gross=12.00, protection_eligibility=Ineligible, payer_id=UZKRBXRAL9ZNG, tax=0.00, payment_date=10:31:10 Mar 26, 2013 PDT, payment_status=Completed, charset=windows-1252, first_name=Evangelos, mc_fee=0.58, notify_version=3.7, custom=1337, payer_status=verified, business=samba_godschynski@web.de, quantity=1, verify_sign=A6A68Cf5fisgcXiQgWQ2asFkKImkAK0RHCKxnUKspPh24343RHSu5db6, payer_email=vancurrent@gmail.com, txn_id=87L13570PM8025447, payment_type=instant, btn_id=59310348, last_name=Kourentzis, receiver_email=samba_godschynski@web.de, payment_fee=, shipping_discount=0.00, insurance_amount=0.00, receiver_id=ZAVWPQJ89KKLY, txn_type=web_accept, item_name=VSTForx-PreRelease, discount=0.00, mc_currency=EUR, item_number=3, residence_country=CZ, handling_amount=0.00, shipping_method=Default, transaction_subject=1337, payment_gross=, shipping=0.00, ipn_track_id=c7dd642db23a7, 
IPN Response from Paypal Server:
 HTTP/1.1 200 OK
Server: Apache
X-Frame-Options: SAMEORIGIN
Content-Type: text/html; charset=UTF-8
Date: Tue, 26 Mar 2013 17:31:22 GMT
Content-Length: 8
Connection: close
Set-Cookie: cwrClyrK4LoCV1fydGbAxiNL6iG=RI35N4vQTyVXjE38nt0-Alm7frFDShXQf8jDqzPhmFFE6thYlpVXqjxkSgDzL1hmZSQ4up4120LsLB-Soufe_2AniFnYS4b9wAdv2CHdKmAfcZB1bqZnGa6jOmM9p2e7LY5HVW%7c5rUkT3G19ah_Gic3a_p-xtSmYwCaYXVWagTARCe2KCoHdzBkrKDoP9gjOLZCxPaiXSmKhG%7c6UgQCIjfUVgSAbCQ75auPsJytYP_ydbgjFjrAKQhhhVi3j40vsLCGL34z4ee37QiNSkR50%7c1364319081; domain=.paypal.com; path=/; HttpOnly
Set-Cookie: cookie_check=yes; expires=Fri, 24-Mar-2023 17:31:21 GMT; domain=.paypal.com; path=/; HttpOnly
Set-Cookie: navcmd=_notify-validate; domain=.paypal.com; path=/; HttpOnly
Set-Cookie: navlns=0.0; expires=Mon, 21-Mar-2033 17:31:21 GMT; domain=.paypal.com; path=/; HttpOnly
Set-Cookie: aksession=1364319382~id=cookie55oKtEDrJSwJGXylbH62HDmXmIu3m6dA5R2ljIWQyiAiJ3aVi40EhUG+ryD+xAC45xPUxsyPHplb1ocAhKF7kpI/A/ascMyOjKT0jEL8jZIsZLoEY2H2A6YrshrB9EA1; expires=Tue, 26-Mar-2013 17:36:22 GMT; path=/; domain=.paypal.com

VERIFIED

[03/27/2013 5:50 PM] - SUCCESS!
IPN POST Vars from Paypal:
mc_gross=12.00, protection_eligibility=Ineligible, payer_id=457RLM7WVNX6A, tax=0.00, payment_date=09:50:30 Mar 27, 2013 PDT, payment_status=Completed, charset=windows-1252, first_name=Michel, mc_fee=0.58, notify_version=3.7, custom=1548, payer_status=verified, business=samba_godschynski@web.de, quantity=1, verify_sign=Al.fvSnXCQlFxh6aF-JdC0oBXTlJALjwgt5PsSU71iUKc3dhlv7zZq-s, payer_email=michel.vanderhaeghe@yahoo.com, txn_id=0AP38921UD123311V, payment_type=instant, btn_id=59310348, last_name=Vanderhaeghe, receiver_email=samba_godschynski@web.de, payment_fee=, shipping_discount=0.00, insurance_amount=0.00, receiver_id=ZAVWPQJ89KKLY, txn_type=web_accept, item_name=VSTForx-PreRelease, discount=0.00, mc_currency=EUR, item_number=3, residence_country=BE, handling_amount=0.00, shipping_method=Default, transaction_subject=1548, payment_gross=, shipping=0.00, ipn_track_id=41365c7d9f5a4, 
IPN Response from Paypal Server:
 HTTP/1.1 200 OK
Server: Apache
X-Frame-Options: SAMEORIGIN
Content-Type: text/html; charset=UTF-8
Date: Wed, 27 Mar 2013 16:50:37 GMT
Content-Length: 8
Connection: close
Set-Cookie: cwrClyrK4LoCV1fydGbAxiNL6iG=xFqoZoHKipYL2llL48XL0FZ_EjOq0TmtXgz3tm8Zs5cq9EvfVTTff_4iE-D5NAwMyScWdUlue4wziyAmGU_D-0pvFowN3j1A_uNU5DrETFUmaw0cJgdwIPgtVpm%7c3nIBtS4F42mZ7u-lzqFtiNQOwYkm3eKqQ4_-tyfxv2Y9JYyQR2S-ECoIT-XLfnJhzh4GNW%7cqOLxV9TOmHVTFXstOUF5XEgL3C64gT2sIyvUStR79e0LR5qNWmmIL4jTPAfzD5RyktfkVW%7c1364403037; domain=.paypal.com; path=/; HttpOnly
Set-Cookie: cookie_check=yes; expires=Sat, 25-Mar-2023 16:50:37 GMT; domain=.paypal.com; path=/; HttpOnly
Set-Cookie: navcmd=_notify-validate; domain=.paypal.com; path=/; HttpOnly
Set-Cookie: navlns=0.0; expires=Tue, 22-Mar-2033 16:50:37 GMT; domain=.paypal.com; path=/; HttpOnly
Set-Cookie: aksession=1364403337~id=cookiekDjfHY+Iv7sEmo70rTHXF5OO5hzlRA2lBUJw0pWXCg44fmhUtLkB5uJgp14rzz+6+Wbx8NmZ7wmYWQT+eWIt+YsVycvvt7byod17x+XMjXutqMIK5MAbkyktsoiKOoY9; expires=Wed, 27-Mar-2013 16:55:37 GMT; path=/; domain=.paypal.com

VERIFIED

[03/29/2013 9:15 PM] - SUCCESS!
IPN POST Vars from Paypal:
mc_gross=12.00, protection_eligibility=Ineligible, payer_id=GQ3QDGT93GXQY, tax=0.00, payment_date=13:15:34 Mar 29, 2013 PDT, payment_status=Completed, charset=windows-1252, first_name=Jeroen, mc_fee=0.58, notify_version=3.7, custom=598, payer_status=verified, business=samba_godschynski@web.de, quantity=1, verify_sign=A3a1nKXGdVr68tqqQ8tFCgXJxlpxAVdGLUA-H7Ayq0aqyDpr3jhdODrO, payer_email=jeroen@ground-support.nl, txn_id=9JA40644WB5081357, payment_type=instant, btn_id=59310348, last_name=Dieks, receiver_email=samba_godschynski@web.de, payment_fee=, shipping_discount=0.00, insurance_amount=0.00, receiver_id=ZAVWPQJ89KKLY, txn_type=web_accept, item_name=VSTForx-PreRelease, discount=0.00, mc_currency=EUR, item_number=3, residence_country=NL, handling_amount=0.00, shipping_method=Default, transaction_subject=598, payment_gross=, shipping=0.00, ipn_track_id=3c13db83d4d4d, 
IPN Response from Paypal Server:
 HTTP/1.1 200 OK
Server: Apache
X-Frame-Options: SAMEORIGIN
Content-Type: text/html; charset=UTF-8
Date: Fri, 29 Mar 2013 20:15:42 GMT
Content-Length: 8
Connection: close
Set-Cookie: cwrClyrK4LoCV1fydGbAxiNL6iG=XPe_0HXI5n6LSXub3BlQ4NFK9RiEENwghp-AhLu_RFE4pOVPm91OcU7BT7sMgVz2Ku5pvZAiBl5gPpY-HMHu3WCRCGXWQvls7BsxzpHoGp2m3q9-wy1GZdKHQZu%7c6CpcGpyzp3W1UexafDwnWbB2qjGSHwlhvxISNjQYsihd3NGfyMDStRtiW7yCfoZA2yKHvm%7c3KEMnIoCNKQ9-sBXfezUcwM8dhCO6Dw2agCWWAbsuCBRgPZwuU5bIabweDS2qIfzjQcb1m%7c1364588142; domain=.paypal.com; path=/; HttpOnly
Set-Cookie: cookie_check=yes; expires=Mon, 27-Mar-2023 20:15:42 GMT; domain=.paypal.com; path=/; HttpOnly
Set-Cookie: navcmd=_notify-validate; domain=.paypal.com; path=/; HttpOnly
Set-Cookie: navlns=0.0; expires=Thu, 24-Mar-2033 20:15:42 GMT; domain=.paypal.com; path=/; HttpOnly
Set-Cookie: aksession=1364588442~id=cookiejElx0cRWgBR7n7537ysg4tE+hvwmMNVXrChkoxQLoUQYJJoxqHv87KJFztgRqTsuJf93HutM0cAZcVN7q0gYTI3l7RwVL6OjLf7KcK353cztmEqAxV8w56IoZcKy+7mM; expires=Fri, 29-Mar-2013 20:20:42 GMT; path=/; domain=.paypal.com

VERIFIED

[03/30/2013 8:04 AM] - SUCCESS!
IPN POST Vars from Paypal:
mc_gross=12.00, protection_eligibility=Ineligible, payer_id=76FCCFWMDNGG2, tax=0.00, payment_date=00:04:34 Mar 30, 2013 PDT, payment_status=Completed, charset=windows-1252, first_name=Pascal, mc_fee=0.58, notify_version=3.7, custom=1702, payer_status=verified, business=samba_godschynski@web.de, quantity=1, verify_sign=AlBXbYK2XsgwStoejNLTPP8HAWayA6-GC0cpJx-y7ZmLEj8453lEBddL, payer_email=pasbel@cegetel.net, txn_id=35H77607H5052384P, payment_type=instant, btn_id=59310348, last_name=Belfort, receiver_email=samba_godschynski@web.de, payment_fee=, shipping_discount=0.00, insurance_amount=0.00, receiver_id=ZAVWPQJ89KKLY, txn_type=web_accept, item_name=VSTForx-PreRelease, discount=0.00, mc_currency=EUR, item_number=3, residence_country=FR, handling_amount=0.00, shipping_method=Default, transaction_subject=1702, payment_gross=, shipping=0.00, ipn_track_id=caadbfdd1b27f, 
IPN Response from Paypal Server:
 HTTP/1.1 200 OK
Server: Apache
X-Frame-Options: SAMEORIGIN
Content-Type: text/html; charset=UTF-8
Date: Sat, 30 Mar 2013 07:04:43 GMT
Content-Length: 8
Connection: close
Set-Cookie: cwrClyrK4LoCV1fydGbAxiNL6iG=ebWXqU89HhxM2Bn5C_kV9JtQfmPHb7XXGWp28qhgOiDhmL46t5m1G6mRMEcr63If8xIL2XGSJX2LUApREAiDcRBPC7TVy6L41pjaRhTQNAu6JORthVa_SjNJpoO%7cV5iqTv3UOZDy4KBWiSST34lV3eFaaksbfAaDzL54OGRxZrynHcAerj2unV6GUzAb8KeFxG%7cGOPiIT4eR3aC5DbHSdp-C_TqfM5Tyd-8tPjt8Go3AYoxWDC2hqgymrYOYBOMTateFCJlNW%7c1364627083; domain=.paypal.com; path=/; HttpOnly
Set-Cookie: cookie_check=yes; expires=Tue, 28-Mar-2023 07:04:43 GMT; domain=.paypal.com; path=/; HttpOnly
Set-Cookie: navcmd=_notify-validate; domain=.paypal.com; path=/; HttpOnly
Set-Cookie: navlns=0.0; expires=Fri, 25-Mar-2033 07:04:43 GMT; domain=.paypal.com; path=/; HttpOnly
Set-Cookie: aksession=1364627383~id=cookieN19wHdwJ8EkEXdfeFXmZ6uinPGSa+lkjRO8kwRiuHSEHkvyFMhSEeiuKMl9jGgiBtgjHqeWEnoPmNUX8cPhI1nRGjTucQCOBcoZDhOfYXlSuPgpsigZj6zlTPzldXZVT; expires=Sat, 30-Mar-2013 07:09:43 GMT; path=/; domain=.paypal.com

VERIFIED

[04/01/2013 9:12 PM] - FAIL: IPN Validation Failed.
IPN POST Vars from Paypal:

IPN Response from Paypal Server:
 HTTP/1.1 200 OK
Server: Apache
X-Frame-Options: SAMEORIGIN
Content-Type: text/html; charset=UTF-8
Date: Mon, 01 Apr 2013 19:12:41 GMT
Content-Length: 7
Connection: close
Set-Cookie: cwrClyrK4LoCV1fydGbAxiNL6iG=eHT9bnwSBTzp68cFtPvBwMHYhmIFfkotOBcga-zUtTCK6MUVgvXUYzKrMqGfBE63jZgW_86NnziDkfX4OKOW5J2uomsZnIsgedPlXsIiVTG_GxDdDgvSR1NQCx9VFYEXL8JIRm%7cbOCt4PoxLoaNEXEFLE5u3nq1LI2lcWFhXLb8NMNWgaz9fBjz0iO8FNKoFYKN4duAuKQgbG%7cJoiIp6I6q0A7n5NIsUnG8tsdKB6rvlTg-bttFbJm8nCVTqK7uUqukffzie9aLkxQ-rLUeW%7c1364843560; domain=.paypal.com; path=/; HttpOnly
Set-Cookie: cookie_check=yes; expires=Thu, 30-Mar-2023 19:12:40 GMT; domain=.paypal.com; path=/; HttpOnly
Set-Cookie: navcmd=_notify-validate; domain=.paypal.com; path=/; HttpOnly
Set-Cookie: navlns=0.0; expires=Sun, 27-Mar-2033 19:12:40 GMT; domain=.paypal.com; path=/; HttpOnly
Set-Cookie: aksession=1364843861~id=cookie9YfvD8DOeEmH/pofHddGO6MCDDy8unb2kMC7NaG1rKn23bvlmnc9KeuWh3ObgTcMvZ/BTWkSo5zok0P57EQ+ZFrLH3jfr5tfUM/60XpVRStqLIOQmna/Sm1JKcLPYlwZ; expires=Mon, 01-Apr-2013 19:17:41 GMT; path=/; domain=.paypal.com

INVALID

[04/01/2013 9:16 PM] - FAIL: IPN Validation Failed.
IPN POST Vars from Paypal:
mc_gross=15.00, protection_eligibility=Ineligible, payer_id=JUJD7695EQTYA, tax=0.00, payment_date=12:16:20 Apr 01, 2013 PDT, payment_status=Completed, charset=windows-1252, first_name=Hank, mc_fee=0.74, notify_version=3.7, custom=1707, payer_status=verified, business=_samba_1358073493_biz@googlemail.com, quantity=1, verify_sign=AB01mLKUrWl7QeF-5sI0lq0dCiV3AxUkCAMDEtTZEClqIt9x0EhmolnN, payer_email=_samba_1358073606_per@googlemail.com, txn_id=9D677382TX611043A, payment_type=instant, btn_id=2689538, last_name=Proctor, receiver_email=_samba_1358073493_biz@googlemail.com, payment_fee=0.74, shipping_discount=0.00, insurance_amount=0.00, receiver_id=3MMALJFJAGGQG, txn_type=web_accept, item_name=VSTForx, discount=0.00, mc_currency=USD, item_number=3, residence_country=US, test_ipn=1, handling_amount=0.00, shipping_method=Default, transaction_subject=1707, payment_gross=15.00, shipping=0.00, ipn_track_id=6193eb06c348b, 
IPN Response from Paypal Server:
 HTTP/1.1 200 OK
Server: Apache
X-Frame-Options: SAMEORIGIN
Content-Type: text/html; charset=UTF-8
Date: Mon, 01 Apr 2013 19:16:23 GMT
Content-Length: 7
Connection: close
Set-Cookie: cwrClyrK4LoCV1fydGbAxiNL6iG=dI53ONcZUiKOLyjHUa2Br5DEHtnW4NPw2BwRswB7P75FYvm8Ra8wMMpPVkQOaSIKs5Rk-DqbWHlpFJQNNQXNS6YUhIyqOv0LugxsMH1XDTfYeY6Hy5PpQN7YPau%7ciz3Ny46HQYkK2CESW9mhd-V9POo8dBBNIoFbFCAuMHdm2Q_Zd7jqeqc3RPko2tFQRWeTyG%7coqkJ6DLzsECmWytAcKWmQa-PXFwMg6MiWR73uKJ8LSNZJuo3NxVDARhsPwNbFTqy__YbIm%7c1364843783; domain=.paypal.com; path=/; HttpOnly
Set-Cookie: cookie_check=yes; expires=Thu, 30-Mar-2023 19:16:23 GMT; domain=.paypal.com; path=/; HttpOnly
Set-Cookie: navcmd=_notify-validate; domain=.paypal.com; path=/; HttpOnly
Set-Cookie: navlns=0.0; expires=Sun, 27-Mar-2033 19:16:23 GMT; domain=.paypal.com; path=/; HttpOnly
Set-Cookie: aksession=1364844083~id=cookiepdKqDkG8zDvYL3TZ/mBQit90T7SfR6FWFSDd2XE6xFMIGDHKlzfAXf/Cud+aXxgBeY9kvatHl30AHezJfFU3utYdot1DXfZOhOs06DyJX9FPKYsg99d+e95GxOUjSuv0; expires=Mon, 01-Apr-2013 19:21:23 GMT; path=/; domain=.paypal.com

INVALID

[04/01/2013 9:28 PM] - SUCCESS!
IPN POST Vars from Paypal:
mc_gross=15.00, protection_eligibility=Ineligible, payer_id=JUJD7695EQTYA, tax=0.00, payment_date=12:28:42 Apr 01, 2013 PDT, payment_status=Completed, charset=windows-1252, first_name=Hank, mc_fee=0.74, notify_version=3.7, custom=1707, payer_status=verified, business=_samba_1358073493_biz@googlemail.com, quantity=1, verify_sign=A.YMSA1v376DAbWzesi2WKCCR5EMAdXyp3etOqJMT3vTeBvd-WKTNTBo, payer_email=_samba_1358073606_per@googlemail.com, txn_id=2947743830663562P, payment_type=instant, btn_id=2689538, last_name=Proctor, receiver_email=_samba_1358073493_biz@googlemail.com, payment_fee=0.74, shipping_discount=0.00, insurance_amount=0.00, receiver_id=3MMALJFJAGGQG, txn_type=web_accept, item_name=VSTForx, discount=0.00, mc_currency=USD, item_number=3, residence_country=US, test_ipn=1, handling_amount=0.00, shipping_method=Default, transaction_subject=1707, payment_gross=15.00, shipping=0.00, ipn_track_id=9c6d9a7b47660, 
IPN Response from Paypal Server:
 HTTP/1.1 200 OK
Date: Mon, 01 Apr 2013 19:28:47 GMT
Server: Apache
X-Frame-Options: SAMEORIGIN
Set-Cookie: c9MWDuvPtT9GIMyPc3jwol1VSlO=2PFzaE1tAm23Lxza_OXo_EvSgZY9Y-UR1now2uHXV0sRiAS84byWg1BGLwJcCkfYMv2yHx0oI0RfH9l6AQMp-Qux65shH5efQ5VQ2RtncmxWJfgBgSCBUR_cAlLuHueoJdrWgm%7cBn92t8EfZYnKWPSVSqQd_V3A3ktDT_nCvh3G0cb6puybh0IefBE69FHw3i1lfOH761rzTm%7cbqFnRCIf3Ik2meBHDutHjnTjjOl1k1fbT_7qg1t60mnpGGAefqacUpb-PVxoXLjb7bHjsG%7c1364844528; domain=.paypal.com; path=/; Secure; HttpOnly
Set-Cookie: cookie_check=yes; expires=Thu, 30-Mar-2023 19:28:48 GMT; domain=.paypal.com; path=/; Secure; HttpOnly
Set-Cookie: navcmd=_notify-validate; domain=.paypal.com; path=/; Secure; HttpOnly
Set-Cookie: navlns=0.0; expires=Sun, 27-Mar-2033 19:28:48 GMT; domain=.paypal.com; path=/; Secure; HttpOnly
Set-Cookie: Apache=10.72.109.11.1364844527707514; path=/; expires=Wed, 25-Mar-43 19:28:47 GMT
Connection: close
Transfer-Encoding: chunked
Content-Type: text/html; charset=UTF-8

8
VERIFIED
0



[04/02/2013 10:09 AM] - SUCCESS!
IPN POST Vars from Paypal:
mc_gross=12.00, protection_eligibility=Ineligible, payer_id=ZVEZ8QVZWVWFG, tax=0.00, payment_date=01:09:17 Apr 02, 2013 PDT, payment_status=Completed, charset=windows-1252, first_name=Simon, mc_fee=0.97, notify_version=3.7, custom=1281, payer_status=verified, business=samba_godschynski@web.de, quantity=1, verify_sign=A75RWJrUDF0WcJSeA5P7qA-0PsCUAvR42fX6weQldGc41l6VE145xwcn, payer_email=simon@bsound.co.nz, txn_id=91D33885R5012764Y, payment_type=instant, btn_id=59310348, last_name=Lear, receiver_email=samba_godschynski@web.de, payment_fee=, shipping_discount=0.00, insurance_amount=0.00, receiver_id=ZAVWPQJ89KKLY, txn_type=web_accept, item_name=VSTForx-PreRelease, discount=0.00, mc_currency=EUR, item_number=3, residence_country=NZ, handling_amount=0.00, shipping_method=Default, transaction_subject=1281, payment_gross=, shipping=0.00, ipn_track_id=af94d9e6e33d8, 
IPN Response from Paypal Server:
 HTTP/1.1 200 OK
Server: Apache
X-Frame-Options: SAMEORIGIN
Content-Type: text/html; charset=UTF-8
Date: Tue, 02 Apr 2013 08:09:25 GMT
Content-Length: 8
Connection: close
Set-Cookie: cwrClyrK4LoCV1fydGbAxiNL6iG=OSSrA9IQP1C5AgPvXvhb_LBLxSdA9SMwGzvp-dmZb2rTTtpYt_qvqBAaurE60LWG0qgH1ul4gm5WZtPsy0exSg5IcdVSg5XEBNDKIa_CImZUEoalyvTf4wziGWW%7c5wd6i5c_Ywhte1rJWL3Z-pXVkIXU1FfHdvW-7hBSVvxW4tuUpFGWdP7WxrJvccNVTGSCNm%7cIkuEcmKDf6rwKE0dlVzhBgjET-ZTgkm7PSEaW7pNGCCOO4kIs_styEWIvF48DUumXwR1n0%7c1364890165; domain=.paypal.com; path=/; HttpOnly
Set-Cookie: cookie_check=yes; expires=Fri, 31-Mar-2023 08:09:25 GMT; domain=.paypal.com; path=/; HttpOnly
Set-Cookie: navcmd=_notify-validate; domain=.paypal.com; path=/; HttpOnly
Set-Cookie: navlns=0.0; expires=Mon, 28-Mar-2033 08:09:25 GMT; domain=.paypal.com; path=/; HttpOnly
Set-Cookie: aksession=1364890465~id=cookieIiqswP5QYqmbMNsSpHVXOpxlO/zMuIh9DPUab08ptDY7XNXXYqT3Mjs8YJ+e2j6dODOOp/hr1m6u1U4mIsitzpwE+a4Q7HNHX3mnW1ZqZJRbZb9HmxVfyi7HLzOxxajf; expires=Tue, 02-Apr-2013 08:14:25 GMT; path=/; domain=.paypal.com

VERIFIED

[04/03/2013 10:06 PM] - SUCCESS!
IPN POST Vars from Paypal:
mc_gross=12.00, protection_eligibility=Ineligible, payer_id=7U5YTEH7VV2UY, tax=0.00, payment_date=13:06:51 Apr 03, 2013 PDT, payment_status=Completed, charset=windows-1252, first_name=Stefan, mc_fee=0.58, notify_version=3.7, custom=1092, payer_status=verified, business=samba_godschynski@web.de, quantity=1, verify_sign=AFcWxV21C7fd0v3bYYYRCpSSRl31AoqeFc9xRKLE3N1x5gSsJWp7K5tZ, payer_email=funki-groover.pi@web.de, txn_id=37623882UF743453J, payment_type=instant, btn_id=59310348, last_name=Paethke, receiver_email=samba_godschynski@web.de, payment_fee=, shipping_discount=0.00, insurance_amount=0.00, receiver_id=ZAVWPQJ89KKLY, txn_type=web_accept, item_name=VSTForx-PreRelease, discount=0.00, mc_currency=EUR, item_number=3, residence_country=DE, handling_amount=0.00, shipping_method=Default, transaction_subject=1092, payment_gross=, shipping=0.00, ipn_track_id=75bafef625428, 
IPN Response from Paypal Server:
 HTTP/1.1 200 OK
Server: Apache
X-Frame-Options: SAMEORIGIN
Content-Type: text/html; charset=UTF-8
Date: Wed, 03 Apr 2013 20:06:53 GMT
Content-Length: 8
Connection: close
Set-Cookie: cwrClyrK4LoCV1fydGbAxiNL6iG=yGxEqRNQvRoSmuQ0jQJODGvRbnkMPi1kML3ijHZrC-w7q773OGmxITTj8KNR5JbyzpmphcGvqGC99KG6-KR3A41jNyx_oWd00Z9sb8taHVc4-qkhUgHQEPRa1tm%7c7m74lFs-uVv7mWSdlyWo9yDd8eWjLWc3BMix5Cdl2UytInd3hOhpdl8u5XGterQIDaiQxW%7cGiLoQZ4rrOdcY86lleA0Ghl96qYQhP6uIUNYiZSqqxX9h8GyD_cKck2OBy4UEMPgaVlIDW%7c1365019613; domain=.paypal.com; path=/; HttpOnly
Set-Cookie: cookie_check=yes; expires=Sat, 01-Apr-2023 20:06:53 GMT; domain=.paypal.com; path=/; HttpOnly
Set-Cookie: navcmd=_notify-validate; domain=.paypal.com; path=/; HttpOnly
Set-Cookie: navlns=0.0; expires=Tue, 29-Mar-2033 20:06:53 GMT; domain=.paypal.com; path=/; HttpOnly
Set-Cookie: aksession=1365019913~id=cookieggrj7O43fgTmLP8y+bTL1kBbIpdDhIchBWP7ohyVoHOefMx1923QAMjvYrpkopuhIbT9xwNYtC3WE4SLGUcrKxVdKD7wEhMyABVnRjBHL1W2nG8uyRHL9HlFjqR5A7Hz; expires=Wed, 03-Apr-2013 20:11:53 GMT; path=/; domain=.paypal.com

VERIFIED

[04/05/2013 3:42 PM] - SUCCESS!
IPN POST Vars from Paypal:
mc_gross=12.00, protection_eligibility=Ineligible, payer_id=YKNCTE8V9FAD4, tax=0.00, payment_date=06:42:01 Apr 05, 2013 PDT, payment_status=Completed, charset=windows-1252, first_name=Nick, mc_fee=0.58, notify_version=3.7, custom=669, payer_status=unverified, business=samba_godschynski@web.de, quantity=1, verify_sign=Ar65LQ8D4i5231dnJnwTy8lT8UaGAlYQ87DJrtAWlLG1DqbaHX.Kckv5, payer_email=nick_dangerous@web.de, txn_id=5HP17395829175810, payment_type=instant, btn_id=59310348, last_name=Luft, receiver_email=samba_godschynski@web.de, payment_fee=, shipping_discount=0.00, insurance_amount=0.00, receiver_id=ZAVWPQJ89KKLY, txn_type=web_accept, item_name=VSTForx-PreRelease, discount=0.00, mc_currency=EUR, item_number=3, residence_country=DE, handling_amount=0.00, shipping_method=Default, transaction_subject=669, payment_gross=, shipping=0.00, ipn_track_id=fb6aba81b7552, 
IPN Response from Paypal Server:
 HTTP/1.1 200 OK
Server: Apache
X-Frame-Options: SAMEORIGIN
Content-Type: text/html; charset=UTF-8
Date: Fri, 05 Apr 2013 13:42:06 GMT
Content-Length: 8
Connection: close
Set-Cookie: cwrClyrK4LoCV1fydGbAxiNL6iG=rr7TZ8A6ClZuy6a8eH0S9yQ4TnvYWqcW4SuQg95M353WaWwjI8p3gTui047JlwrwL7jsrGLuALB4qgYKP63iAS5SmML0V-u7RoUTJT8qcn4Kakbe0cW3gxYjpSZQV2mj9WCCgW%7cxB0yi-kjjepDb0cfDJErJlbETKigVl2Bdh50pcSo2Nerx3Dykp0GZOJaVB4zvfd079z1zG%7cnnzIzH6-0mX2eLFDwaLCm63ShjRFHNVEp1CJmp-hXGMowSB7WXEuLIcLoIk6yZOwknrHdm%7c1365169326; domain=.paypal.com; path=/; HttpOnly
Set-Cookie: cookie_check=yes; expires=Mon, 03-Apr-2023 13:42:06 GMT; domain=.paypal.com; path=/; HttpOnly
Set-Cookie: navcmd=_notify-validate; domain=.paypal.com; path=/; HttpOnly
Set-Cookie: navlns=0.0; expires=Thu, 31-Mar-2033 13:42:06 GMT; domain=.paypal.com; path=/; HttpOnly
Set-Cookie: aksession=1365169626~id=cookie4u9uO6C/G2NYulqkVD+0PvqcoI1xaNuo1OUDp2ugJXqIqZlX4X8uJOBBhToLT/33W4YXGaUMo/NhnRtEozqZuNT1cQlKYzVcHEfzlo3xvSF3otEw28CVP/qzAFzL55kq; expires=Fri, 05-Apr-2013 13:47:06 GMT; path=/; domain=.paypal.com

VERIFIED

[04/06/2013 7:29 PM] - SUCCESS!
IPN POST Vars from Paypal:
mc_gross=12.00, protection_eligibility=Ineligible, payer_id=FGVDWE2G8FD68, tax=0.00, payment_date=10:29:04 Apr 06, 2013 PDT, payment_status=Pending, charset=windows-1252, first_name=Evan, notify_version=3.7, custom=1715, payer_status=verified, business=samba_godschynski@web.de, quantity=1, verify_sign=ATLSWOJzX25brZHBOqeyaHy5D1uqASDnugHx9RbBWff3feANaxe0gp3Q, payer_email=epjones79@gmail.com, txn_id=2CE157892Y548113V, payment_type=echeck, btn_id=59310348, last_name=Jones, receiver_email=samba_godschynski@web.de, shipping_discount=0.00, receiver_id=ZAVWPQJ89KKLY, pending_reason=echeck, insurance_amount=0.00, txn_type=web_accept, item_name=VSTForx-PreRelease, discount=0.00, mc_currency=EUR, item_number=3, residence_country=AU, handling_amount=0.00, shipping_method=Default, transaction_subject=1715, payment_gross=, shipping=0.00, ipn_track_id=9ecbee21e5f3b, 
IPN Response from Paypal Server:
 HTTP/1.1 200 OK
Server: Apache
X-Frame-Options: SAMEORIGIN
Content-Type: text/html; charset=UTF-8
Date: Sat, 06 Apr 2013 17:29:10 GMT
Content-Length: 8
Connection: close
Set-Cookie: cwrClyrK4LoCV1fydGbAxiNL6iG=BtYGTEgxhjKY__AF8rwzb62O69jgMuD2XReX8tkLazXc0eYa5iAHkUvrvFkoIFcZ3JAJ2MJW7_JAcEd52NJNZQ4YtOcBmg4fw1Do1y06oJXTRXucIGRKgTfID4C%7cEW2M_hPx_wHVJueuR4nhYQaAyfyxsfbCJIIT_5yYkr6FIcAbnw8nTe_Uo_fzTE-REvGR4G%7cF72uyAY_MbbxTBEWoIzuqry5ev_pKoDMptkNIGo1Z7qGaCK8rCt26phgza2lnZvn7KSQQW%7c1365269350; domain=.paypal.com; path=/; HttpOnly
Set-Cookie: cookie_check=yes; expires=Tue, 04-Apr-2023 17:29:10 GMT; domain=.paypal.com; path=/; HttpOnly
Set-Cookie: navcmd=_notify-validate; domain=.paypal.com; path=/; HttpOnly
Set-Cookie: navlns=0.0; expires=Fri, 01-Apr-2033 17:29:10 GMT; domain=.paypal.com; path=/; HttpOnly
Set-Cookie: aksession=1365269650~id=cookietIPS9/7UpxkSQIoBbZEubI/oGfPx3FNZg8vsP9cZIA4j2bd4Yn3CslDEXBML0o6bBOWk3zXGOAJ6mxoosmm1P5T0qz1faHuNpF9s+JIOv8rxNL2c0NTG0vN2znKjNPt6; expires=Sat, 06-Apr-2013 17:34:10 GMT; path=/; domain=.paypal.com

VERIFIED

[04/07/2013 9:20 PM] - SUCCESS!
IPN POST Vars from Paypal:
mc_gross=12.00, protection_eligibility=Ineligible, payer_id=CDXEGHLL9RTK4, tax=0.00, payment_date=12:20:13 Apr 07, 2013 PDT, payment_status=Completed, charset=windows-1252, first_name=Martin, mc_fee=0.58, notify_version=3.7, custom=1540, payer_status=verified, business=samba_godschynski@web.de, quantity=1, verify_sign=AfAkavmC3xOd-bBA3ryNkIOB-nAFAx7WvDZpy7GWMCH-O5ph5CtcUUwk, payer_email=martin@kingtubby.wanadoo.co.uk, txn_id=8FY965340K071893X, payment_type=instant, btn_id=59310348, last_name=Brown, receiver_email=samba_godschynski@web.de, payment_fee=, shipping_discount=0.00, insurance_amount=0.00, receiver_id=ZAVWPQJ89KKLY, txn_type=web_accept, item_name=VSTForx-PreRelease, discount=0.00, mc_currency=EUR, item_number=3, residence_country=GB, handling_amount=0.00, shipping_method=Default, transaction_subject=1540, payment_gross=, shipping=0.00, ipn_track_id=bd223dd88168a, 
IPN Response from Paypal Server:
 HTTP/1.1 200 OK
Server: Apache
X-Frame-Options: SAMEORIGIN
Content-Type: text/html; charset=UTF-8
Date: Sun, 07 Apr 2013 19:20:17 GMT
Content-Length: 8
Connection: close
Set-Cookie: cwrClyrK4LoCV1fydGbAxiNL6iG=DsnTNznS0EE4Gz8FKI9QPwVJv5o_RYWL_DSLDg21R_mRQ3gHG2V2zmfjwm6hYCAc7aU_XIIQP_cife-QYeGxgF8Sq5v6_UIMuOhefzky7FKhs75hxEc_HPEYV59amulMwTQ9oG%7cX_smsu9khniky7b-09OvZoJsXy7kCwkHaPlE3kv1rV9D-WZ2uK_h3Vo5ZIiEBrHlzKh0L0%7cVpif_CEAuV1khYQ2M9v9kHz8m1H_YRbx-IeE-xzLFW8_hGVJxlU1COv0IU2izrI09lisqG%7c1365362417; domain=.paypal.com; path=/; HttpOnly
Set-Cookie: cookie_check=yes; expires=Wed, 05-Apr-2023 19:20:17 GMT; domain=.paypal.com; path=/; HttpOnly
Set-Cookie: navcmd=_notify-validate; domain=.paypal.com; path=/; HttpOnly
Set-Cookie: navlns=0.0; expires=Sat, 02-Apr-2033 19:20:17 GMT; domain=.paypal.com; path=/; HttpOnly
Set-Cookie: aksession=1365362717~id=cookie8B1X1iVYiIh2ir0V9HSjgxMmOBB5cug5FYd5RUeEGgCsT7Zbn0fo1J4967bk3oUip7Hdt0RMYyU67YbEzI7ex1OlqPrs/P2j/SZBt3NZ2fXshK7oNWSAm/UPJY81/nGX; expires=Sun, 07-Apr-2013 19:25:17 GMT; path=/; domain=.paypal.com

VERIFIED

[04/08/2013 8:12 PM] - SUCCESS!
IPN POST Vars from Paypal:
mc_gross=12.00, protection_eligibility=Ineligible, payer_id=8PADUKM6TX7CU, tax=0.00, payment_date=11:12:07 Apr 08, 2013 PDT, payment_status=Completed, charset=windows-1252, first_name=Andy, mc_fee=0.97, notify_version=3.7, custom=800, payer_status=verified, business=samba_godschynski@web.de, quantity=1, verify_sign=AbVpE46Hdzh6d29Gu3X3iR8qqXBgASAGfVZvzAyHeYg6lRJ6hPPSqavG, payer_email=zenpunkhippy@gmail.com, txn_id=3CJ60534CX354370W, payment_type=instant, btn_id=59310348, last_name=Reaburn, receiver_email=samba_godschynski@web.de, payment_fee=, shipping_discount=0.00, insurance_amount=0.00, receiver_id=ZAVWPQJ89KKLY, txn_type=web_accept, item_name=VSTForx-PreRelease, discount=0.00, mc_currency=EUR, item_number=3, residence_country=AU, handling_amount=0.00, shipping_method=Default, transaction_subject=800, payment_gross=, shipping=0.00, ipn_track_id=bb06fccc98f4d, 
IPN Response from Paypal Server:
 HTTP/1.1 200 OK
Server: Apache
X-Frame-Options: SAMEORIGIN
Content-Type: text/html; charset=UTF-8
Date: Mon, 08 Apr 2013 18:12:12 GMT
Content-Length: 8
Connection: close
Set-Cookie: cwrClyrK4LoCV1fydGbAxiNL6iG=l0R2gguOn7KRMFClRkhQ7FyNF08TgEoNsCUJZfwYKuje_dKYXnz1euXRaufClMoLp9Zmj8HF4IVwtb-X3ALeUnfbKfy9H-KUHXVpmWNCwAf1L023BduI_KDfKQ8LGLJCq_Rs1W%7cGNtrvPAu8m01Hxj-BKFS6Lv7BwHvOubYv_vziZNr2WJFU9W_y3XA9mi45mB9I1oEaRl8NG%7c6c6OeX2iWRk_6lS_S27UZ4nnrm8KJcz0KwQ9DvhT-0fo2tQQfSxWnM-cnHtFeB7tqEWTc0%7c1365444732; domain=.paypal.com; path=/; HttpOnly
Set-Cookie: cookie_check=yes; expires=Thu, 06-Apr-2023 18:12:12 GMT; domain=.paypal.com; path=/; HttpOnly
Set-Cookie: navcmd=_notify-validate; domain=.paypal.com; path=/; HttpOnly
Set-Cookie: navlns=0.0; expires=Sun, 03-Apr-2033 18:12:12 GMT; domain=.paypal.com; path=/; HttpOnly
Set-Cookie: aksession=1365445032~id=cookiehl7NQxIPfj8fQ6f68QNLoSET44P5jjEAx8lnEQXZ1jv9ortdvCT7BOrc0OT3mCi7By5+1TBdFyytxYxvdnZ4M6zizAsuAUnqypNl59tIoq5oSw1ql+8Wis51H8z44s7B; expires=Mon, 08-Apr-2013 18:17:12 GMT; path=/; domain=.paypal.com

VERIFIED

[04/08/2013 8:19 PM] - SUCCESS!
IPN POST Vars from Paypal:
mc_gross=12.00, protection_eligibility=Ineligible, payer_id=G7NMRB6SMUHAN, tax=0.00, payment_date=11:19:30 Apr 08, 2013 PDT, payment_status=Completed, charset=windows-1252, first_name=Neville, mc_fee=0.58, notify_version=3.7, custom=1700, payer_status=verified, business=samba_godschynski@web.de, quantity=1, verify_sign=AxpYDfrZEOWfawzZkLN7tKCy.BvJA0eeuwRz9QRgplFJK5BkSsEkVBYs, payer_email=nevilletubb@lramp.com, txn_id=5XB98577WM545063S, payment_type=instant, btn_id=59310348, last_name=Tubb, receiver_email=samba_godschynski@web.de, payment_fee=, shipping_discount=0.00, insurance_amount=0.00, receiver_id=ZAVWPQJ89KKLY, txn_type=web_accept, item_name=VSTForx-PreRelease, discount=0.00, mc_currency=EUR, item_number=3, residence_country=GB, handling_amount=0.00, shipping_method=Default, transaction_subject=1700, payment_gross=, shipping=0.00, ipn_track_id=619989faccb8, 
IPN Response from Paypal Server:
 HTTP/1.1 200 OK
Server: Apache
X-Frame-Options: SAMEORIGIN
Content-Type: text/html; charset=UTF-8
Date: Mon, 08 Apr 2013 18:19:41 GMT
Content-Length: 8
Connection: close
Set-Cookie: cwrClyrK4LoCV1fydGbAxiNL6iG=Qs83_ILfzt7rwd5opaT3aCVkBBSZVuJyREdIB8NTvjOr7jzUK7b0vSAbtWCyuYPUneh1IJpgqVuaQvhSjG_1Ac0Jh8trxzyOPdtbKvQgkcS9WzWSgAsrs_rMieRFgdzKuCEVO0%7c7xCIgyMYtSE2GbTg_CaJS6x9zwvgQ6ZH37AgNthSrWwgJwIJDqn5oVyKPnphZiMBv0q-YG%7cNOdLEHlXj2fq7rySPjd2dP9xPV_pb1V9QQj4DlMov_1Y2FNX_45ukkTPGxibXDmDJmSZOm%7c1365445181; domain=.paypal.com; path=/; HttpOnly
Set-Cookie: cookie_check=yes; expires=Thu, 06-Apr-2023 18:19:41 GMT; domain=.paypal.com; path=/; HttpOnly
Set-Cookie: navcmd=_notify-validate; domain=.paypal.com; path=/; HttpOnly
Set-Cookie: navlns=0.0; expires=Sun, 03-Apr-2033 18:19:41 GMT; domain=.paypal.com; path=/; HttpOnly
Set-Cookie: aksession=1365445481~id=cookiee95KJ/Bcq6hagUg1Czxf79JqcRUNh1GLcklmxz+xZE2uWoJxWcMsUPv+fb71uYAmGRcWid5zFF5VZxoUTwgPD6H7Cbx6WM+k8NHAim+MJaNkO3ab85e5R4qZ3IE6Ejjf; expires=Mon, 08-Apr-2013 18:24:41 GMT; path=/; domain=.paypal.com

VERIFIED

[04/08/2013 9:10 PM] - SUCCESS!
IPN POST Vars from Paypal:
mc_gross=12.00, protection_eligibility=Ineligible, payer_id=JCKYQRPJA39KS, tax=0.00, payment_date=12:10:55 Apr 08, 2013 PDT, payment_status=Completed, charset=windows-1252, first_name=donovan, mc_fee=0.82, notify_version=3.7, custom=1717, payer_status=verified, business=samba_godschynski@web.de, quantity=1, verify_sign=AcM.a4an-aSjLa8ql7GpbvXInP1qABdCuNBo9xLjB9R2nEYWN93Rbvdn, payer_email=vaesolis@live.com, txn_id=3DV98271X4715551C, payment_type=instant, btn_id=59310348, last_name=stringer, receiver_email=samba_godschynski@web.de, payment_fee=, shipping_discount=0.00, insurance_amount=0.00, receiver_id=ZAVWPQJ89KKLY, txn_type=web_accept, item_name=VSTForx-PreRelease, discount=0.00, mc_currency=EUR, item_number=3, residence_country=US, handling_amount=0.00, shipping_method=Default, transaction_subject=1717, payment_gross=, shipping=0.00, ipn_track_id=4e10528272b68, 
IPN Response from Paypal Server:
 HTTP/1.1 200 OK
Server: Apache
X-Frame-Options: SAMEORIGIN
Content-Type: text/html; charset=UTF-8
Date: Mon, 08 Apr 2013 19:10:59 GMT
Content-Length: 8
Connection: close
Set-Cookie: cwrClyrK4LoCV1fydGbAxiNL6iG=9z9wM_m-ptqeccGPEY6tJ50InRN239iIy0JIAfq2pQPybhw_CTQh4XwKtnffVpL04fcBEiv6YeHi40SIrsneJykewxTpMJP8oddJdfShDdUWnF8MkQrLg86LIqsOI9-IrQkJHW%7ctZg_qINyu35HoackKaVNNYf6AWApFXYV7sl17WcbzW6tGPCLzipSvthi8nsOydYIYUlSuG%7cjF8x9UooLJ3ik-Obfp2J6_NYJZzJYWKM0N2AkkUIsNksKgOxMNd37hYTVEIrZ3VxOfv5R0%7c1365448259; domain=.paypal.com; path=/; HttpOnly
Set-Cookie: cookie_check=yes; expires=Thu, 06-Apr-2023 19:10:59 GMT; domain=.paypal.com; path=/; HttpOnly
Set-Cookie: navcmd=_notify-validate; domain=.paypal.com; path=/; HttpOnly
Set-Cookie: navlns=0.0; expires=Sun, 03-Apr-2033 19:10:59 GMT; domain=.paypal.com; path=/; HttpOnly
Set-Cookie: aksession=1365448559~id=cookiec1RNAEH3V7Wuy4PXzR7IUpX8lso5lSfm3KL1e7qytiylm/n8SmbP5a4DHrJeL7lgqAKQdJiP/A53qHqft0tmr6jX7EuZtmWYW5PIUZ4zEUWJ3egWkqwEVVi/a/uiTbPY; expires=Mon, 08-Apr-2013 19:15:59 GMT; path=/; domain=.paypal.com

VERIFIED

[04/09/2013 9:25 PM] - SUCCESS!
IPN POST Vars from Paypal:
mc_gross=12.00, protection_eligibility=Ineligible, payer_id=4YU8LMPT5CKEE, tax=0.00, payment_date=12:25:12 Apr 09, 2013 PDT, payment_status=Completed, charset=windows-1252, first_name=David Alexander, mc_fee=0.94, notify_version=3.7, custom=1718, payer_status=verified, business=samba_godschynski@web.de, quantity=1, verify_sign=AgePMPfbDDc05TM5uouG2O9s9U74AiQ5oWG8N95kA-e.-YaYG8gxqQco, payer_email=wasoota@gmx.net, txn_id=7XC61967G2476593G, payment_type=instant, btn_id=59310348, last_name=Zogg, receiver_email=samba_godschynski@web.de, payment_fee=, shipping_discount=0.00, insurance_amount=0.00, receiver_id=ZAVWPQJ89KKLY, txn_type=web_accept, item_name=VSTForx-PreRelease, discount=0.00, mc_currency=EUR, item_number=3, residence_country=CH, handling_amount=0.00, shipping_method=Default, transaction_subject=1718, payment_gross=, shipping=0.00, ipn_track_id=8772ae59121ec, 
IPN Response from Paypal Server:
 HTTP/1.1 200 OK
Server: Apache
X-Frame-Options: SAMEORIGIN
Content-Type: text/html; charset=UTF-8
Date: Tue, 09 Apr 2013 19:25:16 GMT
Content-Length: 8
Connection: close
Set-Cookie: cwrClyrK4LoCV1fydGbAxiNL6iG=d491Ge2LU4kGwFGb2LVInQ8M8E5ahu1mPtavtjZl7XTYC-BLqIsaPI0haI12Bh7T4XGBC7yYej6BP64tS-nCgzqi2qGILOACkGjSfxiCbHf6YP9XL7pxCUlGsFe%7cDnf93BE3VdKEDZitVutFdn5tqIThnQ1egfgL05U2PcZsDLw3bciyu13McSNdOC2DerNXT0%7c1fW4DtlwpWhzXfkFgDy_uN4V2ssDpxJUj1PaGdwE1TGtGhLtie_KGQqAsCwvaV-jb-upuG%7c1365535515; domain=.paypal.com; path=/; HttpOnly
Set-Cookie: cookie_check=yes; expires=Fri, 07-Apr-2023 19:25:15 GMT; domain=.paypal.com; path=/; HttpOnly
Set-Cookie: navcmd=_notify-validate; domain=.paypal.com; path=/; HttpOnly
Set-Cookie: navlns=0.0; expires=Mon, 04-Apr-2033 19:25:15 GMT; domain=.paypal.com; path=/; HttpOnly
Set-Cookie: aksession=1365535816~id=cookiemc2hMfq7ZG5bPi2eO+iKoBkeI1qyFq9oNjtOSRLkrnQ5znkvmF/Zqgh5+pWUbtHyC+GVLCxG8JYVN0sW+WuCnQfPF/s9khKioU2I9gVc5OGd25NQtlYfnxB8Q6UYXf+n; expires=Tue, 09-Apr-2013 19:30:16 GMT; path=/; domain=.paypal.com

VERIFIED

[04/10/2013 2:06 PM] - SUCCESS!
IPN POST Vars from Paypal:
mc_gross=12.00, protection_eligibility=Ineligible, payer_id=8KKP2SCFNN2FQ, tax=0.00, payment_date=05:06:27 Apr 10, 2013 PDT, payment_status=Completed, charset=windows-1252, first_name=Laurens, mc_fee=0.58, notify_version=3.7, custom=1668, payer_status=verified, business=samba_godschynski@web.de, quantity=1, verify_sign=A9Z7WOsp7bhhUUR4HUV0CuGOsiwGAmwn7r8A7nYILj6BrhaifY7ljXnR, payer_email=laurens@heidutzek.de, txn_id=8FH98356M0977941E, payment_type=instant, btn_id=59310348, last_name=Heidutzek, receiver_email=samba_godschynski@web.de, payment_fee=, shipping_discount=0.00, insurance_amount=0.00, receiver_id=ZAVWPQJ89KKLY, txn_type=web_accept, item_name=VSTForx-PreRelease, discount=0.00, mc_currency=EUR, item_number=3, residence_country=DE, handling_amount=0.00, shipping_method=Default, transaction_subject=1668, payment_gross=, shipping=0.00, ipn_track_id=9ae5e44d15a90, 
IPN Response from Paypal Server:
 HTTP/1.1 200 OK
Server: Apache
X-Frame-Options: SAMEORIGIN
Content-Type: text/html; charset=UTF-8
Date: Wed, 10 Apr 2013 12:06:32 GMT
Content-Length: 8
Connection: close
Set-Cookie: cwrClyrK4LoCV1fydGbAxiNL6iG=quWy0VfDMmbHukBP6WTDK2qr91DUnU-gw-pAaedQCj3i6gN9X_YhKFHER_EPIQCYV59BZONxJdTyU4197rxQTa5XiSeA_kVGgcRz6A60kbYYs4JHfXYr6wtwFkP1XjWVHIph9m%7cXpAj7CqQbWFX2OojJwfm4w5-2h4Jbm_TEBJo653EDj0OESY28LIRDl15blduvLVPTiixo0%7cmRYas9pVJxGxf3YmBKPdwyQ1f6q89tEsWTqrWxKUp_XDTnZa6qt0Ie9nbTjYuoPSFLWNoW%7c1365595592; domain=.paypal.com; path=/; HttpOnly
Set-Cookie: cookie_check=yes; expires=Sat, 08-Apr-2023 12:06:32 GMT; domain=.paypal.com; path=/; HttpOnly
Set-Cookie: navcmd=_notify-validate; domain=.paypal.com; path=/; HttpOnly
Set-Cookie: navlns=0.0; expires=Tue, 05-Apr-2033 12:06:32 GMT; domain=.paypal.com; path=/; HttpOnly
Set-Cookie: aksession=1365595892~id=cookieX6Cf0NwdjVoRv4uW/TgCavnk6vqjv27axlOdsRRiNPmpBfgf1EEMpGOP/LQOOMa2aOuTuheAF5WKBea4lPCt7R3/ax6ajTS/j6l+2wpgtM6JjKT1kMew9CL1hZsooBEd; expires=Wed, 10-Apr-2013 12:11:32 GMT; path=/; domain=.paypal.com

VERIFIED

[04/11/2013 12:41 AM] - SUCCESS!
IPN POST Vars from Paypal:
mc_gross=12.00, protection_eligibility=Ineligible, payer_id=FGVDWE2G8FD68, tax=0.00, payment_date=10:29:04 Apr 06, 2013 PDT, payment_status=Completed, charset=windows-1252, first_name=Evan, mc_fee=0.97, notify_version=3.7, echeck_time_processed=15:41:32 Apr 10, 2013 PDT, custom=1715, payer_status=verified, business=samba_godschynski@web.de, quantity=1, verify_sign=AVkS-tHU2h7x-Z4rkFdc48Ls6tx5AWa.L9mlg7g819rW5qJ7meAtEEB3, payer_email=epjones79@gmail.com, txn_id=2CE157892Y548113V, payment_type=echeck, btn_id=59310348, last_name=Jones, receiver_email=samba_godschynski@web.de, payment_fee=, shipping_discount=0.00, insurance_amount=0.00, receiver_id=ZAVWPQJ89KKLY, txn_type=web_accept, item_name=VSTForx-PreRelease, discount=0.00, mc_currency=EUR, item_number=3, residence_country=AU, handling_amount=0.00, shipping_method=Default, transaction_subject=1715, payment_gross=, shipping=0.00, ipn_track_id=61ad327e2717e, 
IPN Response from Paypal Server:
 HTTP/1.1 200 OK
Server: Apache
X-Frame-Options: SAMEORIGIN
Content-Type: text/html; charset=UTF-8
Date: Wed, 10 Apr 2013 22:41:36 GMT
Content-Length: 8
Connection: close
Set-Cookie: cwrClyrK4LoCV1fydGbAxiNL6iG=kxr6AqTA7ZvZzoUa1COISdyBRfhxL2HVUXdHmgT3IkrvtbLWk-ndTkuQxn0KGqEajFn85e32dlR8H-M1Uz9s1E0I3jMY1W3OXQbVH0J8AW-jUuVuueIO5f7elj3IQcgHzuYS4G%7ckGv_PzXA0trkAZ4UzOcaL_rt-aLbkggWZTQHZjC1A1Iv3OmZ8KECnXH-Q1BvPpkiPBI8WW%7cy368Z2XUXV678RyZ61aMsxuDXxjvWPc8YPMv7M4IvYDEGGH1NszzDY9m9km0pm1aZZ5PdG%7c1365633695; domain=.paypal.com; path=/; HttpOnly
Set-Cookie: cookie_check=yes; expires=Sat, 08-Apr-2023 22:41:35 GMT; domain=.paypal.com; path=/; HttpOnly
Set-Cookie: navcmd=_notify-validate; domain=.paypal.com; path=/; HttpOnly
Set-Cookie: navlns=0.0; expires=Tue, 05-Apr-2033 22:41:35 GMT; domain=.paypal.com; path=/; HttpOnly
Set-Cookie: aksession=1365633996~id=cookieV6Fef8u8B0hIrufI/9YYldnY24m4FuRHF93UomWnqkWV7racaqnvGpuYEZHpTVaIm3IvajFieH0Aa/O732kNTsCTpfCUPESWIQhwtNHuovq+Oxw9f/IushEM2Oh4ndjM; expires=Wed, 10-Apr-2013 22:46:36 GMT; path=/; domain=.paypal.com

VERIFIED

[04/11/2013 9:23 PM] - SUCCESS!
IPN POST Vars from Paypal:
mc_gross=12.00, protection_eligibility=Ineligible, payer_id=4LGAM2JG4M22U, tax=0.00, payment_date=12:23:01 Apr 11, 2013 PDT, payment_status=Completed, charset=windows-1252, first_name=Robert, mc_fee=0.82, notify_version=3.7, custom=1459, payer_status=unverified, business=samba_godschynski@web.de, quantity=1, verify_sign=AK0386sgukfqMd7Z8VC0MNx4hRfYAj3XFBVemLhPt5NMGfutL.0Be9aK, payer_email=paypal@deneefe.net, txn_id=3HX36390GU725022V, payment_type=instant, btn_id=59310348, last_name=DeNeefe, receiver_email=samba_godschynski@web.de, payment_fee=, shipping_discount=0.00, insurance_amount=0.00, receiver_id=ZAVWPQJ89KKLY, txn_type=web_accept, item_name=VSTForx-PreRelease, discount=0.00, mc_currency=EUR, item_number=3, residence_country=US, handling_amount=0.00, shipping_method=Default, transaction_subject=1459, payment_gross=, shipping=0.00, ipn_track_id=3fbb58976e26c, 
IPN Response from Paypal Server:
 HTTP/1.1 200 OK
Server: Apache
X-Frame-Options: SAMEORIGIN
Content-Type: text/html; charset=UTF-8
Date: Thu, 11 Apr 2013 19:23:06 GMT
Content-Length: 8
Connection: close
Set-Cookie: cwrClyrK4LoCV1fydGbAxiNL6iG=frMZxbfqllkRGK4RQbYN9OgjRvE8mUj8n_L6vk6X3UQvN7Eiquk613SXMHXA6ocsPnr3657ex59RjUH8PkoDwtQZOmliI5wuJ8IEcuN5-JI78ieXbe-JIy__VJNcxbEMvxTddW%7c-_3pL4CsngnSZWBjEDi0LzqFqrRru92gliuqxmgCpMSPDHS-zq-xFU2GLBNsyCfNbkezXm%7c4iFeYkr4YIZh_8d5qNwBkBwRH3gsKf9UEvqJCJtSx0OK4wRzv1PJ5immPMJr7I9Jo7ZakG%7c1365708186; domain=.paypal.com; path=/; HttpOnly
Set-Cookie: cookie_check=yes; expires=Sun, 09-Apr-2023 19:23:06 GMT; domain=.paypal.com; path=/; HttpOnly
Set-Cookie: navcmd=_notify-validate; domain=.paypal.com; path=/; HttpOnly
Set-Cookie: navlns=0.0; expires=Wed, 06-Apr-2033 19:23:06 GMT; domain=.paypal.com; path=/; HttpOnly
Set-Cookie: aksession=1365708486~id=cookietmgcQGvCuaVsR9reF62RK7lNbgqy1vFHQ0LDQpu517LjfskRb3F0rGnw4CABsOHycjoMhKqdqCM9LTMCkjGLgdydkGngYkqm76Cak8dKEfSRHy8E0BxCZL0PEL9q66mI; expires=Thu, 11-Apr-2013 19:28:06 GMT; path=/; domain=.paypal.com

VERIFIED

[04/12/2013 3:12 PM] - SUCCESS!
IPN POST Vars from Paypal:
mc_gross=12.00, protection_eligibility=Ineligible, payer_id=ZM3NGABVRLM3W, tax=0.00, payment_date=06:12:08 Apr 12, 2013 PDT, payment_status=Completed, charset=windows-1252, first_name=Steve, mc_fee=0.82, notify_version=3.7, custom=823, payer_status=verified, business=samba_godschynski@web.de, quantity=1, verify_sign=ANPqaIIjJFj9K9rndoPcyjmO.Nd-AnRGrem1Yks2iSEJUWsOYwZLILrT, payer_email=adamagain47@comcast.net, txn_id=9MR43110UR134824Y, payment_type=instant, btn_id=59310348, last_name=Estes, receiver_email=samba_godschynski@web.de, payment_fee=, shipping_discount=0.00, insurance_amount=0.00, receiver_id=ZAVWPQJ89KKLY, txn_type=web_accept, item_name=VSTForx-PreRelease, discount=0.00, mc_currency=EUR, item_number=3, residence_country=US, handling_amount=0.00, shipping_method=Default, transaction_subject=823, payment_gross=, shipping=0.00, ipn_track_id=68f9fff2ad91f, 
IPN Response from Paypal Server:
 HTTP/1.1 200 OK
Server: Apache
X-Frame-Options: SAMEORIGIN
Content-Type: text/html; charset=UTF-8
Date: Fri, 12 Apr 2013 13:12:12 GMT
Content-Length: 8
Connection: close
Set-Cookie: cwrClyrK4LoCV1fydGbAxiNL6iG=xD0_T5e8IVko-C0ZsiJpCnB6NcAPWehAxWccehIHRQjVvdbvMRKl1RK2sQTMldcdZV_1Mu4_yIFAcfKrET_v2vw8-F3UyMbla7a3_6F0SDMJqed_lrvfM8rqy5BI7aFXSY4HSm%7cW_r2nnOd0oIlNX7n0ImZAHAMyrjFexJ-M1CxPuDJRe-e5UC1jtlkW5XK0LhlQlhPizOMAG%7cs817ElzuXWHKRxbZUMmJsqTx4gENlvYX7hA0WYfTfWwWgUHhJTCQO5Li-aEHgg24iNeWs0%7c1365772332; domain=.paypal.com; path=/; HttpOnly
Set-Cookie: cookie_check=yes; expires=Mon, 10-Apr-2023 13:12:12 GMT; domain=.paypal.com; path=/; HttpOnly
Set-Cookie: navcmd=_notify-validate; domain=.paypal.com; path=/; HttpOnly
Set-Cookie: navlns=0.0; expires=Thu, 07-Apr-2033 13:12:12 GMT; domain=.paypal.com; path=/; HttpOnly
Set-Cookie: aksession=1365772632~id=cookieQ7w2HJ0Vti17MdMdDJX6e7R211jgwi2AeemypbKpgb1sAJlOCPIL48/zYtbUvAxzWQk+RDigju1MrUPJxDMVhGJJdjUAW/UIQ9kboHSDE+wcJT345MdKNGbTVj57pj5i; expires=Fri, 12-Apr-2013 13:17:12 GMT; path=/; domain=.paypal.com

VERIFIED

[04/12/2013 11:05 PM] - SUCCESS!
IPN POST Vars from Paypal:
mc_gross=12.00, protection_eligibility=Ineligible, payer_id=JQXY2UUATLAWA, tax=0.00, payment_date=14:05:46 Apr 12, 2013 PDT, payment_status=Completed, charset=windows-1252, first_name=Scott, mc_fee=0.58, notify_version=3.7, custom=1720, payer_status=verified, business=samba_godschynski@web.de, quantity=1, verify_sign=A5SNeaUjwaKRTg2aR-4srXcRss9BArMF-ry4Fg5aJaUroqfav652YihH, payer_email=scottzest@googlemail.com, txn_id=8CB66884YT9903318, payment_type=instant, btn_id=59310348, last_name=Foster, receiver_email=samba_godschynski@web.de, payment_fee=, shipping_discount=0.00, insurance_amount=0.00, receiver_id=ZAVWPQJ89KKLY, txn_type=web_accept, item_name=VSTForx-PreRelease, discount=0.00, mc_currency=EUR, item_number=3, residence_country=GB, handling_amount=0.00, shipping_method=Default, transaction_subject=1720, payment_gross=, shipping=0.00, ipn_track_id=aa3d93efe9c26, 
IPN Response from Paypal Server:
 HTTP/1.1 200 OK
Server: Apache
X-Frame-Options: SAMEORIGIN
Content-Type: text/html; charset=UTF-8
Date: Fri, 12 Apr 2013 21:05:48 GMT
Content-Length: 8
Connection: close
Set-Cookie: cwrClyrK4LoCV1fydGbAxiNL6iG=sv6xekAQPrwQTwvfUMPpJCGLYhDEyo2MdoOtMu34flr04SgkZe6-Hs13JfdFd26bO2q4Ra3HcvJrKg5TBybkRa009_jV3fXNNyr4IGQiZT1xqZk_81n2_mBkEh4GNePMamAAU0%7cUN7al8XHpQU_GxfzjNASrV1TejfJ79cjUB40h70NVoZNoM8rczEiZWaA_tlD4-vCqaq3Om%7clV_OVmHnDGsnebMhfrfjAE_n87ic3T_i2_Rjb_JuiZYhLl4c7fUnJflfV7LA9GopbEEzS0%7c1365800748; domain=.paypal.com; path=/; HttpOnly
Set-Cookie: cookie_check=yes; expires=Mon, 10-Apr-2023 21:05:48 GMT; domain=.paypal.com; path=/; HttpOnly
Set-Cookie: navcmd=_notify-validate; domain=.paypal.com; path=/; HttpOnly
Set-Cookie: navlns=0.0; expires=Thu, 07-Apr-2033 21:05:48 GMT; domain=.paypal.com; path=/; HttpOnly
Set-Cookie: aksession=1365801048~id=cookie7wtxWLlksfMK/RsJzwnjpyM5k8vOP0BK8WqdfEypjM1f01u6c2mLVWWSr2L+XxtbUiPvEeadBZB19cIg0AOaCmcftgNmdpaMKi8WrXXqkerUg5Ep7L9kO4WW6N6dG+zW; expires=Fri, 12-Apr-2013 21:10:48 GMT; path=/; domain=.paypal.com

VERIFIED

[04/13/2013 3:13 AM] - SUCCESS!
IPN POST Vars from Paypal:
mc_gross=12.00, protection_eligibility=Ineligible, payer_id=TQJXRYQ238KBN, tax=0.00, payment_date=18:13:46 Apr 12, 2013 PDT, payment_status=Completed, charset=windows-1252, first_name=Brent, mc_fee=0.82, notify_version=3.7, custom=1719, payer_status=unverified, business=samba_godschynski@web.de, quantity=1, verify_sign=AEZx9JGNM9do7r361iqqmr2aj5n4AylMxa68UMq6FWqw647nYqgXf5dC, payer_email=brent.mclaws@yahoo.com, txn_id=65A31445YF3593054, payment_type=instant, btn_id=59310348, last_name=Mclaws, receiver_email=samba_godschynski@web.de, payment_fee=, shipping_discount=0.00, insurance_amount=0.00, receiver_id=ZAVWPQJ89KKLY, txn_type=web_accept, item_name=VSTForx-PreRelease, discount=0.00, mc_currency=EUR, item_number=3, residence_country=US, handling_amount=0.00, shipping_method=Default, transaction_subject=1719, payment_gross=, shipping=0.00, ipn_track_id=939d3762dabcf, 
IPN Response from Paypal Server:
 HTTP/1.1 200 OK
Server: Apache
X-Frame-Options: SAMEORIGIN
Content-Type: text/html; charset=UTF-8
Date: Sat, 13 Apr 2013 01:13:53 GMT
Content-Length: 8
Connection: close
Set-Cookie: cwrClyrK4LoCV1fydGbAxiNL6iG=5-O63si5n944TM6yeuzwIzwR_5USaE_9WYhpSsIVaL9RM4rKAU187DZ_dskqryl8ConhdI6On_h6tH3Y2uNbX8ksOgpbU2K4gmAqAL2JtZg3F7Q4ygLHvT94kLnvK4a9GAOwaW%7cFjpJmSOeQCDVP8Bbp_-ek1Zeo7gMQGkNBuXeFOgXEznnVUEB5GvxQQZuzFH_XL0ube7-70%7c4GFWdHK-6NST3SkS7AsQng7tt6pRXjACkERjTj4KzWm_HpI9PB-Db_zFVQA5ibE9SOA5U0%7c1365815633; domain=.paypal.com; path=/; HttpOnly
Set-Cookie: cookie_check=yes; expires=Tue, 11-Apr-2023 01:13:53 GMT; domain=.paypal.com; path=/; HttpOnly
Set-Cookie: navcmd=_notify-validate; domain=.paypal.com; path=/; HttpOnly
Set-Cookie: navlns=0.0; expires=Fri, 08-Apr-2033 01:13:53 GMT; domain=.paypal.com; path=/; HttpOnly
Set-Cookie: aksession=1365815933~id=cookie1kcXrGAlGiQDgJxl0fPQi17OUEJ6EF2/Id8ubO4KYpk1pYrpeeXUjS+RZ6H/KAXVSQGycLXCSfimBIO5LyWXiPXRIypDJAg+vs8vwpAoFcYHE48rZ+hSOUmO4ls+rWAw; expires=Sat, 13-Apr-2013 01:18:53 GMT; path=/; domain=.paypal.com

VERIFIED

[04/14/2013 9:29 PM] - SUCCESS!
IPN POST Vars from Paypal:
mc_gross=12.00, protection_eligibility=Ineligible, payer_id=58YYX4RAAMW36, tax=0.00, payment_date=12:29:07 Apr 14, 2013 PDT, payment_status=Completed, charset=windows-1252, first_name=YILDIRIM, mc_fee=0.94, notify_version=3.7, custom=1597, payer_status=verified, business=samba_godschynski@web.de, quantity=1, verify_sign=AB8uKJ-cgis5XVZJfu8yXdO6dhrpA8aDhFCxdgoHI4OpiEYjV68wfyGB, payer_email=soundcase@gmail.com, txn_id=8GC76637R9921320S, payment_type=instant, btn_id=59310348, last_name=SARIHAN, receiver_email=samba_godschynski@web.de, payment_fee=, shipping_discount=0.00, insurance_amount=0.00, receiver_id=ZAVWPQJ89KKLY, txn_type=web_accept, item_name=VSTForx-PreRelease, discount=0.00, mc_currency=EUR, item_number=3, residence_country=TR, handling_amount=0.00, shipping_method=Default, transaction_subject=1597, payment_gross=, shipping=0.00, ipn_track_id=8516042a1fee6, 
IPN Response from Paypal Server:
 HTTP/1.1 200 OK
Server: Apache
X-Frame-Options: SAMEORIGIN
Content-Type: text/html; charset=UTF-8
Date: Sun, 14 Apr 2013 19:29:11 GMT
Content-Length: 8
Connection: close
Set-Cookie: cwrClyrK4LoCV1fydGbAxiNL6iG=tkTAVsCdmjixUT06qQV8saYwhP7oHfAj1IhNustsaH57JeEBljNeTspBFmKFSkCtLbkQ5DaBVJsPAudNrfSJ8HgIfs5yrU5bD4yOpfdoxXt684di0rHL_4OYD48%7c1TbWJ7jfk65TO_lFzfqXm7mvZxUCsZn0aRO4fpWPjITUtwPliOwqGa2mDbQcb_m0EQabym%7c5henA17XObVBSr1ETtW_46oWfn59DNHu58WUf1HIanA9a1z4EqyxOo_FH8M3nu4IL1vEj0%7c1365967751; domain=.paypal.com; path=/; HttpOnly
Set-Cookie: cookie_check=yes; expires=Wed, 12-Apr-2023 19:29:11 GMT; domain=.paypal.com; path=/; HttpOnly
Set-Cookie: navcmd=_notify-validate; domain=.paypal.com; path=/; HttpOnly
Set-Cookie: navlns=0.0; expires=Sat, 09-Apr-2033 19:29:11 GMT; domain=.paypal.com; path=/; HttpOnly
Set-Cookie: aksession=1365968051~id=cookieBQ/m1Z7CnT4k4uAOkN+ixVzyW/7hA/sUgakEHQTumByMpf4D3L78R1FGBPiIS22byUmeJzNwGcibF6poqtlWsQ/hwgbULjJdqslw3mUyt6mJeTkreRceJq55VovGlV+N; expires=Sun, 14-Apr-2013 19:34:11 GMT; path=/; domain=.paypal.com

VERIFIED

[04/15/2013 1:41 PM] - SUCCESS!
IPN POST Vars from Paypal:
mc_gross=12.00, protection_eligibility=Ineligible, payer_id=LPUEBSHBJKKN6, tax=0.00, payment_date=04:41:00 Apr 15, 2013 PDT, payment_status=Completed, charset=windows-1252, first_name=Dick, mc_fee=0.58, notify_version=3.7, custom=1375, payer_status=verified, business=samba_godschynski@web.de, quantity=1, verify_sign=Ae-XDUZhrxwaCSsmGO9JpO33K7P1AahbsKBFgz-YDmrBO-835bU2gRo9, payer_email=dnode@xs4all.nl, txn_id=720192836X809483G, payment_type=instant, btn_id=59310348, last_name=Broos, receiver_email=samba_godschynski@web.de, payment_fee=, shipping_discount=0.00, insurance_amount=0.00, receiver_id=ZAVWPQJ89KKLY, txn_type=web_accept, item_name=VSTForx-PreRelease, discount=0.00, mc_currency=EUR, item_number=3, residence_country=NL, handling_amount=0.00, shipping_method=Default, transaction_subject=1375, payment_gross=, shipping=0.00, ipn_track_id=e79df8264adeb, 
IPN Response from Paypal Server:
 HTTP/1.1 200 OK
Server: Apache
X-Frame-Options: SAMEORIGIN
Content-Type: text/html; charset=UTF-8
Date: Mon, 15 Apr 2013 11:41:08 GMT
Content-Length: 8
Connection: close
Set-Cookie: cwrClyrK4LoCV1fydGbAxiNL6iG=GXvaBGNmHdihXtyvyvF1HcDxzlbOasMsGjuQDY_jcvEMKENIK7KGpaml7qoR3PddlYARiO5xXXK--dlxyFT5kbhtcffZQ9-T60IEeTfMIHsS_YEiHrPrTY19NVyUrQuvmkgUBG%7cWS5jbXWnP-jo6Qq59CJIMa3-0neA0YsXMzNMovcDWgABj80DiBqcil7uZyH09b73CU8F4W%7cIr-isTYtc0K3n42c8PRo44HWV_1y5p7EFZdXRyNe0jzM0pTT_x9E1iyVOD1J9ONnMPX-fG%7c1366026068; domain=.paypal.com; path=/; HttpOnly
Set-Cookie: cookie_check=yes; expires=Thu, 13-Apr-2023 11:41:08 GMT; domain=.paypal.com; path=/; HttpOnly
Set-Cookie: navcmd=_notify-validate; domain=.paypal.com; path=/; HttpOnly
Set-Cookie: navlns=0.0; expires=Sun, 10-Apr-2033 11:41:08 GMT; domain=.paypal.com; path=/; HttpOnly
Set-Cookie: aksession=1366026368~id=cookie4dqyw4sgGzyFh6cO45+FLARvVNFIQl4FZU4jfGOkGq1p6YdfjVdd+En8OGvrnqGyXk0SquHGHS2Er6FYr1JHIrl3B7ZFJ35xVyCHnMSKOc9PuTsspt/uHbNIeeFt0FTR; expires=Mon, 15-Apr-2013 11:46:08 GMT; path=/; domain=.paypal.com

VERIFIED

[04/17/2013 1:09 AM] - SUCCESS!
IPN POST Vars from Paypal:
mc_gross=12.00, protection_eligibility=Ineligible, payer_id=KLLLTLQV6ZSLW, tax=0.00, payment_date=16:09:45 Apr 16, 2013 PDT, payment_status=Completed, charset=windows-1252, first_name=marc, mc_fee=0.82, notify_version=3.7, custom=1722, payer_status=verified, business=samba_godschynski@web.de, quantity=1, verify_sign=A2S1fniRGsoquzRDbs4f5rc383f8AdnSclHALz5aECBtzToWfORh.l3e, payer_email=from_paypal@subcode.com, txn_id=55774866VA045915U, payment_type=instant, payer_business_name=Bitword, btn_id=59310348, last_name=van bork, receiver_email=samba_godschynski@web.de, payment_fee=, shipping_discount=0.00, insurance_amount=0.00, receiver_id=ZAVWPQJ89KKLY, txn_type=web_accept, item_name=VSTForx-PreRelease, discount=0.00, mc_currency=EUR, item_number=3, residence_country=US, handling_amount=0.00, shipping_method=Default, transaction_subject=1722, payment_gross=, shipping=0.00, ipn_track_id=ebf0860bdd4a0, 
IPN Response from Paypal Server:
 HTTP/1.1 200 OK
Server: Apache
X-Frame-Options: SAMEORIGIN
Content-Type: text/html; charset=UTF-8
Date: Tue, 16 Apr 2013 23:09:48 GMT
Content-Length: 8
Connection: close
Set-Cookie: cwrClyrK4LoCV1fydGbAxiNL6iG=QUqwN-_k9iQa3GSWxrw_oB0WaBZcyjjCMTzRw20Nv-ji9AJEzrwDsm4G5s9n52Syw90AiKihRIuOL-b8GSvXjR6remtwvXEMxR_4ZrQRXkXLOinJ1goUQmNx9U95neWKSn1Vym%7c9ty-EaWBPT1zl8hyjmX7TD_EXYL9TxuUC7ZRzQegHObXU2tHdxT-wc_edJFBhm5DQ1INTm%7cl_fG-Ey4M-Xr1dAnt10LwiFGp_G3t6jzTU3329kvJX5zJsDn37W2BZcHxiA_DTpw7649r0%7c1366153788; domain=.paypal.com; path=/; HttpOnly
Set-Cookie: cookie_check=yes; expires=Fri, 14-Apr-2023 23:09:48 GMT; domain=.paypal.com; path=/; HttpOnly
Set-Cookie: navcmd=_notify-validate; domain=.paypal.com; path=/; HttpOnly
Set-Cookie: navlns=0.0; expires=Mon, 11-Apr-2033 23:09:48 GMT; domain=.paypal.com; path=/; HttpOnly
Set-Cookie: aksession=1366154088~id=cookieUCCPSQidPYthVWmEWjRrZ7EXh8H+hIQYnVu1VafGsVV/UgYsZHtJ+LvGfs4FFIjUKRk4KIZLtDFesMUeQ5UuttJSyyh38rOXDdQl97gRn01zpb3qkfaDjTA2U6jy4KZs; expires=Tue, 16-Apr-2013 23:14:48 GMT; path=/; domain=.paypal.com

VERIFIED

[04/20/2013 5:53 PM] - SUCCESS!
IPN POST Vars from Paypal:
mc_gross=12.00, protection_eligibility=Ineligible, payer_id=5GPBH8AJLNJ4C, tax=0.00, payment_date=08:53:44 Apr 20, 2013 PDT, payment_status=Completed, charset=windows-1252, first_name=daniel, mc_fee=0.58, notify_version=3.7, custom=1391, payer_status=unverified, business=samba_godschynski@web.de, quantity=1, verify_sign=ACKI8YE0vVkGuiZHvcsg.UEQ843zAREVQYkUiXNSpFHo8ZasX9R.FsyD, payer_email=touriste@numericable.fr, txn_id=8A942973TL7761050, payment_type=instant, btn_id=59310348, last_name=courrier, receiver_email=samba_godschynski@web.de, payment_fee=, shipping_discount=0.00, insurance_amount=0.00, receiver_id=ZAVWPQJ89KKLY, txn_type=web_accept, item_name=VSTForx-PreRelease, discount=0.00, mc_currency=EUR, item_number=3, residence_country=FR, handling_amount=0.00, shipping_method=Default, transaction_subject=1391, payment_gross=, shipping=0.00, ipn_track_id=c72bd6a6ba40b, 
IPN Response from Paypal Server:
 HTTP/1.1 200 OK
Server: Apache
X-Frame-Options: SAMEORIGIN
Content-Type: text/html; charset=UTF-8
Date: Sat, 20 Apr 2013 15:53:52 GMT
Content-Length: 8
Connection: close
Set-Cookie: cwrClyrK4LoCV1fydGbAxiNL6iG=Blz5ky9NblaRmA8Rc0snU55gpBlVZXipZoYHbIespeA95W-__kHyfV1dwMBmkiOXV1Yfc6ksxQBdPtULODX26fel9-6Uv8DnintTYhcLQx2iCFwnmLAntXtqm9zFUnD9Lne7bm%7c6xUZSUo0ae1e7wrjKM_LTIofXSdG8cLBH6g2SEXGAIlKlEuGrwj4LiM0haI-LV9Htb4EOm%7czM1v9bfTfqPjO1kZW2f41ofIxFVeBmpdPJhTnrcZiL8CjrKGkBSO_SFiJvVJ33XPu-Pwk0%7c1366473232; domain=.paypal.com; path=/; HttpOnly
Set-Cookie: cookie_check=yes; expires=Tue, 18-Apr-2023 15:53:52 GMT; domain=.paypal.com; path=/; HttpOnly
Set-Cookie: navcmd=_notify-validate; domain=.paypal.com; path=/; HttpOnly
Set-Cookie: navlns=0.0; expires=Fri, 15-Apr-2033 15:53:52 GMT; domain=.paypal.com; path=/; HttpOnly
Set-Cookie: aksession=1366473532~id=cookieTglDH2YC6D3Cz88liOsEx/RiHIrndieREq0cWk3W7slweb6RsZDMxXFGHJV+6gVMvOMVOSfCCSMh6ZhbH39Ohv2K6uKzQVglng5eqioqElRK7NkCEBM233TzCUjCH6Mr; expires=Sat, 20-Apr-2013 15:58:52 GMT; path=/; domain=.paypal.com

VERIFIED

[04/21/2013 10:40 AM] - SUCCESS!
IPN POST Vars from Paypal:
mc_gross=12.00, protection_eligibility=Ineligible, payer_id=J47THKR2952KL, tax=0.00, payment_date=01:40:44 Apr 21, 2013 PDT, payment_status=Completed, charset=windows-1252, first_name=Shawn, mc_fee=0.82, notify_version=3.7, custom=1724, payer_status=unverified, business=samba_godschynski@web.de, quantity=1, verify_sign=A6Sqv7WaACsTXKRjElowkaF8Iqc0AGplaVHE8hQX7g0KmtxESgzMSTtb, payer_email=dj.shawn56@gmail.com, txn_id=7N242594TJ114410S, payment_type=instant, btn_id=59310348, last_name=Richard, receiver_email=samba_godschynski@web.de, payment_fee=, shipping_discount=0.00, insurance_amount=0.00, receiver_id=ZAVWPQJ89KKLY, txn_type=web_accept, item_name=VSTForx-PreRelease, discount=0.00, mc_currency=EUR, item_number=3, residence_country=US, receipt_id=2722-5719-5516-6635, handling_amount=0.00, shipping_method=Default, transaction_subject=1724, payment_gross=, shipping=0.00, ipn_track_id=a87b8c3fd09a, 
IPN Response from Paypal Server:
 HTTP/1.1 200 OK
Server: Apache
X-Frame-Options: SAMEORIGIN
Content-Type: text/html; charset=UTF-8
Date: Sun, 21 Apr 2013 08:40:47 GMT
Content-Length: 8
Connection: close
Set-Cookie: cwrClyrK4LoCV1fydGbAxiNL6iG=0h5Bk-DCaOQUbhsC84B7QYjNxUUdwsQyoch5iKerGoyn5iiOVHi3ROkl087e1dKGzaxZ-njITpMesPlfXyuFeTZulWKTx6zM_1ZSV6zWi8kmDZkxw5MzJnyIsci%7c6ypwZLauzbA2BvHGfdEFiKnxSCkGTwh8bgzNoW7B0enIPK9y0zv7wXyfjKA5r7oCPD_hAG%7cGfwHbGmk2BY-rqTvgMF42z7nzj2v0vckjhH1j7gXKIjUzaYfXITVJJ2AwR9IHuPCSwnAUG%7c1366533647; domain=.paypal.com; path=/; HttpOnly
Set-Cookie: cookie_check=yes; expires=Wed, 19-Apr-2023 08:40:47 GMT; domain=.paypal.com; path=/; HttpOnly
Set-Cookie: navcmd=_notify-validate; domain=.paypal.com; path=/; HttpOnly
Set-Cookie: navlns=0.0; expires=Sat, 16-Apr-2033 08:40:47 GMT; domain=.paypal.com; path=/; HttpOnly
Set-Cookie: aksession=1366533947~id=cookiet7C9GLJ5ItBnVeIyTy8og6WRs50u7Ni1PTwn8gPx/D9ioW6qfvy9gaPsg/sMR1FmpwO+IwOALRZUvjJgnT76GoT5XbppB5yhWLH/Y9JyY1B9vkCHYxJeBPgMetFlgT08; expires=Sun, 21-Apr-2013 08:45:47 GMT; path=/; domain=.paypal.com

VERIFIED

[04/21/2013 8:04 PM] - SUCCESS!
IPN POST Vars from Paypal:
mc_gross=12.00, protection_eligibility=Ineligible, payer_id=UDC3HMQ5RMF72, tax=0.00, payment_date=11:04:49 Apr 21, 2013 PDT, payment_status=Completed, charset=windows-1252, first_name=Michael, mc_fee=0.82, notify_version=3.7, custom=1725, payer_status=unverified, business=samba_godschynski@web.de, quantity=1, verify_sign=AGu.hbwMxRXoqDiyy-IJNOnULnvNAhD.ueXdTobwcU1HF.DLVuHypcFr, payer_email=michael_menary@hotmail.com, txn_id=91613683AY4957249, payment_type=instant, btn_id=59310348, last_name=Menary, receiver_email=samba_godschynski@web.de, payment_fee=, shipping_discount=0.00, insurance_amount=0.00, receiver_id=ZAVWPQJ89KKLY, txn_type=web_accept, item_name=VSTForx-PreRelease, discount=0.00, mc_currency=EUR, item_number=3, residence_country=US, receipt_id=2859-9660-6228-3510, handling_amount=0.00, shipping_method=Default, transaction_subject=1725, payment_gross=, shipping=0.00, ipn_track_id=cc0e021f880e1, 
IPN Response from Paypal Server:
 HTTP/1.1 200 OK
Server: Apache
X-Frame-Options: SAMEORIGIN
Content-Type: text/html; charset=UTF-8
Date: Sun, 21 Apr 2013 18:04:53 GMT
Content-Length: 8
Connection: close
Set-Cookie: cwrClyrK4LoCV1fydGbAxiNL6iG=tb5LpQY61Mz6Q6d-p3XxMNgQ6aU4URH7Jmng3OkQFhvLz2-afmhwNj1w-0OOXVO7tKJMh6nNMbR4fduz26fuTHElzoTOkRUTli1HflyNptjyR_e3c1ZTVHbcXH0%7c1uPOe8jmq3G-cCxY-LERdc3IwaIMME1UFCw5G_OgO4IBx_qTauPYIWZShk0r-7zDqupmVW%7clkVSh1x2QKtODUXSDsq7XqePuvRIrkqAXfIksK1M7PGonqYYNJieaFWOdb1lhF-6uzIqdm%7c1366567493; domain=.paypal.com; path=/; HttpOnly
Set-Cookie: cookie_check=yes; expires=Wed, 19-Apr-2023 18:04:53 GMT; domain=.paypal.com; path=/; HttpOnly
Set-Cookie: navcmd=_notify-validate; domain=.paypal.com; path=/; HttpOnly
Set-Cookie: navlns=0.0; expires=Sat, 16-Apr-2033 18:04:53 GMT; domain=.paypal.com; path=/; HttpOnly
Set-Cookie: aksession=1366567793~id=cookieXYQFSDg+ngIvAjy4DjzlHmSkMo6pbS5QXQeGu4wuB4Ca+9oHa/CRasIdjvlVtLqTwaGcmQuH5e8g9Avn4hKB6LpqCgOSFpHa/tEnvYznwIRYrt2I4o6GEy624UqmN+pW; expires=Sun, 21-Apr-2013 18:09:53 GMT; path=/; domain=.paypal.com

VERIFIED

[05/03/2013 1:25 AM] - SUCCESS!
IPN POST Vars from Paypal:
mc_gross=12.00, protection_eligibility=Ineligible, payer_id=63AZMGKWNSZWA, tax=0.00, payment_date=16:25:40 May 02, 2013 PDT, payment_status=Completed, charset=windows-1252, first_name=JEREMY, mc_fee=0.58, notify_version=3.7, custom=1091, payer_status=verified, business=samba_godschynski@web.de, quantity=1, verify_sign=A21kmBLyRcQpDSjYvmswlm3ckjahA4YzcJt3LTHTpfQtPiKvPHmQ79ub, payer_email=jerry.glasgow@googlemail.com, txn_id=6C764266P49655335, payment_type=instant, btn_id=59310348, last_name=GLASGOW, receiver_email=samba_godschynski@web.de, payment_fee=, shipping_discount=0.00, insurance_amount=0.00, receiver_id=ZAVWPQJ89KKLY, txn_type=web_accept, item_name=VSTForx-PreRelease, discount=0.00, mc_currency=EUR, item_number=3, residence_country=GB, handling_amount=0.00, shipping_method=Default, transaction_subject=1091, payment_gross=, shipping=0.00, ipn_track_id=2ade999093175, 
IPN Response from Paypal Server:
 HTTP/1.1 200 OK
Server: Apache
X-Frame-Options: SAMEORIGIN
Content-Type: text/html; charset=UTF-8
Date: Thu, 02 May 2013 23:25:46 GMT
Content-Length: 8
Connection: close
Set-Cookie: cwrClyrK4LoCV1fydGbAxiNL6iG=SIynJyYZNKyjumGEyq31-EqL3DBMFgGVX5TdeVPGIBUq1YRs7IsodEHk5oHkDUNsjXTnK_GdfvL2HJaG35tdQ9Y7_Lg8VxLr4j5pX4nDT4WXbVLTTpK6JI0hI5G%7cqXCd-KBSdrA1WlJ9d4d2ere9NmyyL2LbzqXzs0e-dkw5JIXW74BALPxneywz7NFPdUgKl0%7cM4dklgJYrQYhBQNHatuhYL6PES-Fgey6kkPcvEjd5GuQ6WBb920zB-F-_k2DA36WpLmVj0%7c1367537146; domain=.paypal.com; path=/; HttpOnly
Set-Cookie: cookie_check=yes; expires=Sun, 30-Apr-2023 23:25:46 GMT; domain=.paypal.com; path=/; HttpOnly
Set-Cookie: navcmd=_notify-validate; domain=.paypal.com; path=/; HttpOnly
Set-Cookie: navlns=0.0; expires=Wed, 27-Apr-2033 23:25:46 GMT; domain=.paypal.com; path=/; HttpOnly
Set-Cookie: aksession=1367537446~id=cookie/yu3aC9svJQjtHetBGokQ3bd5UXmAp3x/gJDzvUFtMosH8tQCa7N2V2b61zfLH0JkOaHMXgPWZgVw/1c77+S8suBb6saJ3+s45+D1+U9iJvl6eXMFH3ppbVLQIsFyR9R; expires=Thu, 02-May-2013 23:30:46 GMT; path=/; domain=.paypal.com

VERIFIED

[05/03/2013 6:28 PM] - SUCCESS!
IPN POST Vars from Paypal:
mc_gross=12.00, protection_eligibility=Ineligible, payer_id=MFJEXZHHF7FYE, tax=0.00, payment_date=09:28:47 May 03, 2013 PDT, payment_status=Completed, charset=windows-1252, first_name=Chris, mc_fee=0.58, notify_version=3.7, custom=1727, payer_status=verified, business=samba_godschynski@web.de, quantity=1, verify_sign=AEl7d8UFVXjHS29lA0DyUDVoQBSLA4DX6siZkydYC3gNnjE20RgQVPUg, payer_email=chrisb_247365@hotmail.com, txn_id=4TK00361FJ169802S, payment_type=instant, btn_id=59310348, last_name=Breame, receiver_email=samba_godschynski@web.de, payment_fee=, shipping_discount=0.00, insurance_amount=0.00, receiver_id=ZAVWPQJ89KKLY, txn_type=web_accept, item_name=VSTForx-PreRelease, discount=0.00, mc_currency=EUR, item_number=3, residence_country=GB, handling_amount=0.00, shipping_method=Default, transaction_subject=1727, payment_gross=, shipping=0.00, ipn_track_id=a7f28d161a276, 
IPN Response from Paypal Server:
 HTTP/1.1 200 OK
Server: Apache
X-Frame-Options: SAMEORIGIN
Content-Type: text/html; charset=UTF-8
Date: Fri, 03 May 2013 16:28:55 GMT
Content-Length: 8
Connection: close
Set-Cookie: cwrClyrK4LoCV1fydGbAxiNL6iG=V2y-a88RhQYwHMLZJfGKHIx8DpkDpnIkqDj279eIkQW3caQTP68EffdyEpcZOi8pqWEkH0nDX3g-ICW76qB16qJJKvMv52qShtkrUM7Vbw0hDngtWkedyTtEoXh-QmZhXuybkW%7ceEJuIFQeb6Sq3ehYRm74A7Jwp3Evn96VUdGAzPsjJtx6cOhaz1rG5FY4HXkXfbXnms_ZgG%7cyRdg6eKllPaXJfmIf-Okdo7OWE8x35qlWnWAFJmz2einSNg0I9DYmdxbFRob9QUFCjoTnG%7c1367598535; domain=.paypal.com; path=/; HttpOnly
Set-Cookie: cookie_check=yes; expires=Mon, 01-May-2023 16:28:55 GMT; domain=.paypal.com; path=/; HttpOnly
Set-Cookie: navcmd=_notify-validate; domain=.paypal.com; path=/; HttpOnly
Set-Cookie: navlns=0.0; expires=Thu, 28-Apr-2033 16:28:55 GMT; domain=.paypal.com; path=/; HttpOnly
Set-Cookie: aksession=1367598835~id=cookiewPbD4o1+CrPAR6QqDC4u/4UnFuvfKZ+vVgUlnZHjWx/3HWbVAzLoLLtnQR/VRJPPY6hKZwItnBKSVsSfFAoDEajXsRiQ+8jzay2X27c3iyIayAqZmpBNqDLj3O3yz5+i; expires=Fri, 03-May-2013 16:33:55 GMT; path=/; domain=.paypal.com

VERIFIED

[05/10/2013 5:50 PM] - SUCCESS!
IPN POST Vars from Paypal:
mc_gross=12.00, protection_eligibility=Ineligible, payer_id=KUASHWVBVXF8A, tax=0.00, payment_date=08:50:46 May 10, 2013 PDT, payment_status=Completed, charset=windows-1252, first_name=Stephen, mc_fee=0.82, notify_version=3.7, custom=1728, payer_status=verified, business=samba_godschynski@web.de, quantity=1, verify_sign=AUkau1FwogE3kL3qo1vGTARqlijQAMSbHm0SZU.SqAbCHJ-qz224Mf1S, payer_email=breeze2004@sympatico.ca, txn_id=0PF02231W97234248, payment_type=instant, btn_id=59310348, last_name=Angelini, receiver_email=samba_godschynski@web.de, payment_fee=, shipping_discount=0.00, insurance_amount=0.00, receiver_id=ZAVWPQJ89KKLY, txn_type=web_accept, item_name=VSTForx-PreRelease, discount=0.00, mc_currency=EUR, item_number=3, residence_country=CA, handling_amount=0.00, shipping_method=Default, transaction_subject=1728, payment_gross=, shipping=0.00, ipn_track_id=d805ab47ca6, 
IPN Response from Paypal Server:
 HTTP/1.1 200 OK
Server: Apache
X-Frame-Options: SAMEORIGIN
Content-Type: text/html; charset=UTF-8
Date: Fri, 10 May 2013 15:50:57 GMT
Content-Length: 8
Connection: close
Set-Cookie: cwrClyrK4LoCV1fydGbAxiNL6iG=OznYxx6sRwk6nINFJDfwBjks9PuRzvCuTNAZ5pdICkkVnGzQN3dUSuxxqMqS-2mk2YjfUoTm4FLpxX8R-UvF2L_bCNWXvjGuRz1EYKQcbgm_rMziJKviZBDjWL5V1y0PpXLVUW%7cxy1SvLQwshpk_inajtX_Pd9BSsQujWPxeG_fBd4-GuSR5tj7a1zYx8VhaO0VAKAVg4ZJk0%7cD7-PrntsTuEemmTzH0VFewrB0Xy4N2bC_G4XbokoQP-shz-0VpPS3r_v_xnO9fFPdHRoGm%7c1368201057; domain=.paypal.com; path=/; HttpOnly
Set-Cookie: cookie_check=yes; expires=Mon, 08-May-2023 15:50:57 GMT; domain=.paypal.com; path=/; HttpOnly
Set-Cookie: navcmd=_notify-validate; domain=.paypal.com; path=/; HttpOnly
Set-Cookie: navlns=0.0; expires=Thu, 05-May-2033 15:50:57 GMT; domain=.paypal.com; path=/; HttpOnly
Set-Cookie: aksession=1368201357~id=cookieo3sukM7QrEt+Pt70ZIzgZV+j/A9SNkQqpqGPlX8qUoAGGSBqJyEX89LlwQY/gV7eawFP8Otub4sboddCF3vpnF+ihL1giVlqTQw843WAAKAGqjaIQAZgTv5DtpanXKTp; expires=Fri, 10-May-2013 15:55:57 GMT; path=/; domain=.paypal.com

VERIFIED

[05/23/2013 1:33 PM] - FAIL: IPN Validation Failed.
IPN POST Vars from Paypal:

IPN Response from Paypal Server:
 HTTP/1.1 200 OK
Server: Apache
X-Frame-Options: SAMEORIGIN
Content-Type: text/html; charset=UTF-8
Date: Thu, 23 May 2013 11:33:47 GMT
Content-Length: 7
Connection: close
Set-Cookie: cwrClyrK4LoCV1fydGbAxiNL6iG=v8YVjt9C2vbn7aZCRTS0Ci6V9v6Foc5mxRukO6HM9fKTSzCOll9O7eiCKL459PpSpl_3HWqv1ine3mmKzsi5lTz4UF2KJKT8Xspekci-5N2rXBq2s1HIqwgjOyoASMIZaH4MTG%7cpgp0GxibkEigOEp0VeQy1VHk9MbC89BCbIkcL49Xr3Qd3yn6Ry-tsJ1BpNVdDkEQ_V8EkW%7c7VZ3PfQOMs5Ph5NoFUCrz0XwGXaCu1dJqWz7Pz1ChqjI7BLRVLVhxO-baS0_La27GemYQW%7c1369308827; domain=.paypal.com; path=/; HttpOnly
Set-Cookie: cookie_check=yes; expires=Sun, 21-May-2023 11:33:47 GMT; domain=.paypal.com; path=/; HttpOnly
Set-Cookie: navcmd=_notify-validate; domain=.paypal.com; path=/; HttpOnly
Set-Cookie: navlns=0.0; expires=Wed, 18-May-2033 11:33:47 GMT; domain=.paypal.com; path=/; HttpOnly
Set-Cookie: aksession=1369309127~id=cookie0oAEamI5uxB1g0J28aQufZ45A6Skbc9tjoFZys21mm0vutRgJmEGzqoW6PtVSbBI4mvfqhwAu4/e5/egO8S6TbQHmv3N0iJzj3fvzi+FMj5kolBmS4EdBaWRSMr/PQVd; expires=Thu, 23-May-2013 11:38:47 GMT; path=/; domain=.paypal.com

INVALID

[05/23/2013 1:34 PM] - FAIL: IPN Validation Failed.
IPN POST Vars from Paypal:

IPN Response from Paypal Server:
 HTTP/1.1 200 OK
Server: Apache
X-Frame-Options: SAMEORIGIN
Content-Type: text/html; charset=UTF-8
Date: Thu, 23 May 2013 11:34:20 GMT
Content-Length: 7
Connection: close
Set-Cookie: cwrClyrK4LoCV1fydGbAxiNL6iG=Y5odaX3WpjdJFd1eRTzQxyOvbFzUN-oQQ8RkVCrbZSeozZIbjBfTAd7JQm4pKZRiVnY9Obbo4W2rK9LsH1KozBvbbB_G7iM7rPngfRZzUSUxU9pf6zlBctAU1BRnGkV-lQjsKm%7ccSdTxN_mJpHg81iV8Gb9xConafNbcBrSaL2CyJCRMveGPve6cW2aZfFF2sK7SFeURud380%7c_BG9kPRUFyQ8AdGz_mbGvKlfHabfFG7RwlGc3RH-EPIQB7PS6d5Dt2s9kpMydsr7JLzHh0%7c1369308860; domain=.paypal.com; path=/; HttpOnly
Set-Cookie: cookie_check=yes; expires=Sun, 21-May-2023 11:34:20 GMT; domain=.paypal.com; path=/; HttpOnly
Set-Cookie: navcmd=_notify-validate; domain=.paypal.com; path=/; HttpOnly
Set-Cookie: navlns=0.0; expires=Wed, 18-May-2033 11:34:20 GMT; domain=.paypal.com; path=/; HttpOnly
Set-Cookie: aksession=1369309160~id=cookiePOPj/uAY7mDUwq3r38ypjaznbMaahcDtJbJrcr9QOppgtA5oMOqvkfiFzAYO4TQToi7eouiZKTbSMh9Gt+sRrlGvXIgyBS8k7iz9rJUI4Q8Z8S69pj41BA1AKwGN81Af; expires=Thu, 23-May-2013 11:39:20 GMT; path=/; domain=.paypal.com

INVALID

[05/23/2013 1:35 PM] - FAIL: IPN Validation Failed.
IPN POST Vars from Paypal:

IPN Response from Paypal Server:
 HTTP/1.1 200 OK
Server: Apache
X-Frame-Options: SAMEORIGIN
Content-Type: text/html; charset=UTF-8
Date: Thu, 23 May 2013 11:35:34 GMT
Content-Length: 7
Connection: close
Set-Cookie: cwrClyrK4LoCV1fydGbAxiNL6iG=wDY7nDhn0tecF4E3O9KxOwOnU58_2jszgIQ4_cfCqaLX9Dm6VzIxSu7PeR4pK5GOAcytFFDC7UwX7_3c-qTCPQ9_fuq_OUWLpt7KMi89Xu3zgclwAq_nCs68le_99We958F4y0%7cr2Fi7OeMDnkt4mekLt08fEhrSJx9jYpz1eRVPfjhHMfKI1rhL-Ua1_-W0-Utmg34Ea_wSW%7cZo0uXS6najPyVEAx5fAaFFbfSZoQ6sOrnxwxSzv8A-O-8pkYEzEPCyZE0S7yO-2ZksvO90%7c1369308934; domain=.paypal.com; path=/; HttpOnly
Set-Cookie: cookie_check=yes; expires=Sun, 21-May-2023 11:35:34 GMT; domain=.paypal.com; path=/; HttpOnly
Set-Cookie: navcmd=_notify-validate; domain=.paypal.com; path=/; HttpOnly
Set-Cookie: navlns=0.0; expires=Wed, 18-May-2033 11:35:34 GMT; domain=.paypal.com; path=/; HttpOnly
Set-Cookie: aksession=1369309234~id=cookiedGRh7PU63+b1p1HxGaOEedR/waWWGRTlCg7Bo6zsi2HFCtungGZ6RWJ2EkL9aDJkq0K5bSmKXPrlrcDMLeFArbgDu1bEhvG/O/5BMoJdkzKKIilk4iUfXXR1XikE69EF; expires=Thu, 23-May-2013 11:40:34 GMT; path=/; domain=.paypal.com

INVALID

[05/23/2013 1:37 PM] - FAIL: IPN Validation Failed.
IPN POST Vars from Paypal:

IPN Response from Paypal Server:
 HTTP/1.1 200 OK
Server: Apache
X-Frame-Options: SAMEORIGIN
Content-Type: text/html; charset=UTF-8
Date: Thu, 23 May 2013 11:37:11 GMT
Content-Length: 7
Connection: close
Set-Cookie: cwrClyrK4LoCV1fydGbAxiNL6iG=jHkJzq-QSN53TyyqbjVhUv3d4Xcm4adwR0fQBbNLknz1NGOZNv82b0EwLFwf-m2bLn4uETs_5XBDdwRzGy2gK69KvDbQMCd5_GG1F_4ThFG-8lHPJK-UgDbhCVt7A4f_2KS-Qm%7cHbKbRjbjBk-gnxtpiApLCtlRVcGdq1AcA9QcOADW9myWxb42jfs1W9_g4fRWJJlGDEBxQm%7chp_Yv23dcNmcwJFu361Xt_lfYLeHWu1YPxQdTAbDSMiOBqnj9uQtVv_VsEnBxCmWRoZOo0%7c1369309031; domain=.paypal.com; path=/; HttpOnly
Set-Cookie: cookie_check=yes; expires=Sun, 21-May-2023 11:37:11 GMT; domain=.paypal.com; path=/; HttpOnly
Set-Cookie: navcmd=_notify-validate; domain=.paypal.com; path=/; HttpOnly
Set-Cookie: navlns=0.0; expires=Wed, 18-May-2033 11:37:11 GMT; domain=.paypal.com; path=/; HttpOnly
Set-Cookie: aksession=1369309331~id=cookie3307NP7zWy5lNZa3uGKYyNh3qnyt4Na23wE2mbzGXw5wJeUSYdWAcp4+xgJAlLfSYYtJOJ7451kvhZGwwQz52AOAhtuGt+7bZcL6RL+vO4Kvjb+NrlE3y7doQAw+oD42; expires=Thu, 23-May-2013 11:42:11 GMT; path=/; domain=.paypal.com

INVALID

[05/23/2013 1:38 PM] - FAIL: IPN Validation Failed.
IPN POST Vars from Paypal:

IPN Response from Paypal Server:
 HTTP/1.1 200 OK
Server: Apache
X-Frame-Options: SAMEORIGIN
Content-Type: text/html; charset=UTF-8
Date: Thu, 23 May 2013 11:38:56 GMT
Content-Length: 7
Connection: close
Set-Cookie: cwrClyrK4LoCV1fydGbAxiNL6iG=e6XUCjV4zUPqzVl8S6MUjhKfixwtcBt_z3cTR1YdtDLKilyBF1Z1pe1ozvClILXCTC44xG4XTZ6AJwjYuxJ0PiQ2p56Bx1aSg9jtt0yCk-i38zsbhoDQVMxfSxcXdrEL52ODZG%7c9gAiy87b01QWKWwJvX4ypr9qgTI3huJR17crvDVx0lII8gfeibDwUzZTYoov4rSjb7N8Y0%7c1ZO86vZ6z6Su1Lgdi1IvGP7rR9Jeu_740iSptM28uI-cPfkZRqxCXXADHlxrWp6sERtyMG%7c1369309136; domain=.paypal.com; path=/; HttpOnly
Set-Cookie: cookie_check=yes; expires=Sun, 21-May-2023 11:38:56 GMT; domain=.paypal.com; path=/; HttpOnly
Set-Cookie: navcmd=_notify-validate; domain=.paypal.com; path=/; HttpOnly
Set-Cookie: navlns=0.0; expires=Wed, 18-May-2033 11:38:56 GMT; domain=.paypal.com; path=/; HttpOnly
Set-Cookie: aksession=1369309436~id=cookie5OtS8gtKIdee0Ns0Pax5BOsSEMiqy521ozAuu/rRUkG9+Cyr3AeFLnFyl+A5B468S5GjuqlsbghgJ/PYsbZP/XsupHehL00WtjDOLwOgSIA8EFJkArTRYBZI4Vjmvoyv; expires=Thu, 23-May-2013 11:43:56 GMT; path=/; domain=.paypal.com

INVALID

[05/26/2013 9:53 AM] - SUCCESS!
IPN POST Vars from Paypal:
mc_gross=12.00, protection_eligibility=Ineligible, payer_id=RAF765D972S8W, tax=0.00, payment_date=00:53:38 May 26, 2013 PDT, payment_status=Completed, charset=windows-1252, first_name=rupert, mc_fee=0.58, notify_version=3.7, custom=1735, payer_status=verified, business=samba_godschynski@web.de, quantity=1, verify_sign=ARTWVaUGckuviK6HZ-Of6l88vDtdA8SMD3RsoaxWEffxbtfbIxoFWXLP, payer_email=r.plumridge@gmail.com, txn_id=12T60877PE319160D, payment_type=instant, btn_id=59310348, last_name=plumridge, receiver_email=samba_godschynski@web.de, payment_fee=, shipping_discount=0.00, insurance_amount=0.00, receiver_id=ZAVWPQJ89KKLY, txn_type=web_accept, item_name=VSTForx-PreRelease, discount=0.00, mc_currency=EUR, item_number=3, residence_country=GB, handling_amount=0.00, shipping_method=Default, transaction_subject=1735, payment_gross=, shipping=0.00, ipn_track_id=583cce436a4c9, 
IPN Response from Paypal Server:
 HTTP/1.1 200 OK
Server: Apache
X-Frame-Options: SAMEORIGIN
Content-Type: text/html; charset=UTF-8
Date: Sun, 26 May 2013 07:53:42 GMT
Content-Length: 8
Connection: close
Set-Cookie: cwrClyrK4LoCV1fydGbAxiNL6iG=jCbgdbd0i2T5WqI7ouUF1P9EZ1w9rDzzMMjmOJG-AwZJM9Fz_ae_tubv8hSrXwreoL0qLS50J_z2OWXpiib_be5h7mi8DhORCSui1RTteuJwhpkn5_jIZwj61C_0tBCQWwo01m%7cHbTgoG08jaXX_G98W_uVca6Ra5VUD67v_EksufB6aypIF_DXxPOcblTzJ66wnkVhGA9dIm%7cGEUJL6Lp4EfbQls6vW4_rm-VWiqHwSwV7_TKUly1s0aOu88bQaq5gY2kStBGfMMXkkA4RW%7c1369554822; domain=.paypal.com; path=/; HttpOnly
Set-Cookie: cookie_check=yes; expires=Wed, 24-May-2023 07:53:42 GMT; domain=.paypal.com; path=/; HttpOnly
Set-Cookie: navcmd=_notify-validate; domain=.paypal.com; path=/; HttpOnly
Set-Cookie: navlns=0.0; expires=Sat, 21-May-2033 07:53:42 GMT; domain=.paypal.com; path=/; HttpOnly
Set-Cookie: aksession=1369555122~id=cookieTKeil8TGvjRmTyAu8Bl8FdeuHQ40QHeQ3vIpZox7pNSLQamE+Gs4WwRgFssEIGpeznAYrpttr+bEKRpFXM5pa+9j+DIomgH4RjJnv1EcG+mW6Gr+vLrZcSy4/5SjF/P8; expires=Sun, 26-May-2013 07:58:42 GMT; path=/; domain=.paypal.com

VERIFIED

[05/26/2013 6:57 PM] - SUCCESS!
IPN POST Vars from Paypal:
mc_gross=12.00, protection_eligibility=Ineligible, payer_id=MPV4R2CBKTDUE, tax=0.00, payment_date=09:57:41 May 26, 2013 PDT, payment_status=Completed, charset=windows-1252, first_name=Rod, mc_fee=0.58, notify_version=3.7, custom=1736, payer_status=verified, business=samba_godschynski@web.de, quantity=1, verify_sign=Afhhz60hIUhAguXpsTWGXHx5tQCHAMH5iipcbBIMyjNb0SqEEDrXY3qX, payer_email=rod@hengy.co.uk, txn_id=1NB65201L5658401U, payment_type=instant, btn_id=59310348, last_name=Robinson, receiver_email=samba_godschynski@web.de, payment_fee=, shipping_discount=0.00, insurance_amount=0.00, receiver_id=ZAVWPQJ89KKLY, txn_type=web_accept, item_name=VSTForx-PreRelease, discount=0.00, mc_currency=EUR, item_number=3, residence_country=GB, handling_amount=0.00, shipping_method=Default, transaction_subject=1736, payment_gross=, shipping=0.00, ipn_track_id=3e950fa0db7b2, 
IPN Response from Paypal Server:
 HTTP/1.1 200 OK
Server: Apache
X-Frame-Options: SAMEORIGIN
Content-Type: text/html; charset=UTF-8
Date: Sun, 26 May 2013 16:57:51 GMT
Content-Length: 8
Connection: close
Set-Cookie: cwrClyrK4LoCV1fydGbAxiNL6iG=qXPP4dsCvjkLW8-u7CPFL_CQvGr6RWXKJrGEmtgFA0SEa12xAS2A4d_PkOwMGQ4oAPfvDNCUHAstwPoHHAFrH0eMmf71Umtcxm3GmW7ZsTNPyZYJYoLSk9T16AXyc_5Ash6R_W%7cBYZlj1H9umMjCi4XoxSANsMtHIG1Fz4PsivM-C0mabLap_NEkAvHuXIGDtXbVPvMudIWcW%7cUJ3QRg6wJ8-QxI4a5n9F1jmPZbzu-opZ56poC955L58kQYpDOXX2caS-WEyytAb3ww_aGm%7c1369587471; domain=.paypal.com; path=/; HttpOnly
Set-Cookie: cookie_check=yes; expires=Wed, 24-May-2023 16:57:51 GMT; domain=.paypal.com; path=/; HttpOnly
Set-Cookie: navcmd=_notify-validate; domain=.paypal.com; path=/; HttpOnly
Set-Cookie: navlns=0.0; expires=Sat, 21-May-2033 16:57:51 GMT; domain=.paypal.com; path=/; HttpOnly
Set-Cookie: aksession=1369587771~id=cookieSHiV85aVRjNr6p/hIZcISuiA4Q8x0GjYrF10pvk3Mx13+nkd/XItwP/kYIyLGb8c5Ua2lPogyIIFfVS7DCnh50KYAGmAuhN3F1TVepp2Ul36FySh+r3OBS7OFf20YaLX; expires=Sun, 26-May-2013 17:02:51 GMT; path=/; domain=.paypal.com

VERIFIED

[05/26/2013 10:35 PM] - SUCCESS!
IPN POST Vars from Paypal:
mc_gross=12.00, protection_eligibility=Ineligible, payer_id=CSEQXAAQ9CQRC, tax=0.00, payment_date=13:35:11 May 26, 2013 PDT, payment_status=Completed, charset=windows-1252, first_name=Stephan, mc_fee=0.58, notify_version=3.7, custom=1737, payer_status=verified, business=samba_godschynski@web.de, quantity=1, verify_sign=AOh0tu.5JUQyG2Aao4MpntBA2sFjAD4-8AzwMmW6A6NgGqU7wty1ht4., payer_email=stephan_klaft@web.de, txn_id=2XX666896F3801146, payment_type=instant, btn_id=59310348, last_name=Klaft, receiver_email=samba_godschynski@web.de, payment_fee=, shipping_discount=0.00, insurance_amount=0.00, receiver_id=ZAVWPQJ89KKLY, txn_type=web_accept, item_name=VSTForx-PreRelease, discount=0.00, mc_currency=EUR, item_number=3, residence_country=DE, handling_amount=0.00, shipping_method=Default, transaction_subject=1737, payment_gross=, shipping=0.00, ipn_track_id=10c291e6a92a4, 
IPN Response from Paypal Server:
 HTTP/1.1 200 OK
Server: Apache
X-Frame-Options: SAMEORIGIN
Content-Type: text/html; charset=UTF-8
Date: Sun, 26 May 2013 20:35:17 GMT
Content-Length: 8
Connection: close
Set-Cookie: cwrClyrK4LoCV1fydGbAxiNL6iG=lkz5uKIOvbvgBjmD1oQjOCUvpf_HZXlTTfbj7kABgZv_tLyURfSxb6JNKHZXYGWywTaUKEtTE52tFNvoq9TyNB_vW3GSEdCwrCqwWN0Gb7qzfHYzX344mopPGF8%7cDQQmrta1qTLJjEjIoXfU0NCc6s3mrimFe-tWr3muz5DmOXjRqJ0ipcNZlDzFdNlpEw-N20%7cZkxxTQOB8e9qzCdmlEutb0P2N3yNnJqX0L4uCpp5udQjgTsO1JI8_uAoneEI1i76fBM8CW%7c1369600517; domain=.paypal.com; path=/; HttpOnly
Set-Cookie: cookie_check=yes; expires=Wed, 24-May-2023 20:35:17 GMT; domain=.paypal.com; path=/; HttpOnly
Set-Cookie: navcmd=_notify-validate; domain=.paypal.com; path=/; HttpOnly
Set-Cookie: navlns=0.0; expires=Sat, 21-May-2033 20:35:17 GMT; domain=.paypal.com; path=/; HttpOnly
Set-Cookie: aksession=1369600817~id=cookie/18A53z+ciP8k/6rsWkv5qvyBoqDhcOZCu4B7pwZiU6Fjh8U15ZRvuTPOEnDqdaFyyfUNKWxZBgHliJDLtHvaiWYmQD/vuYgN5fnQflUVepFRqBbP+vv28KYyxotbaph; expires=Sun, 26-May-2013 20:40:17 GMT; path=/; domain=.paypal.com

VERIFIED

[05/27/2013 12:01 AM] - FAIL: IPN Validation Failed.
IPN POST Vars from Paypal:

IPN Response from Paypal Server:
 HTTP/1.1 200 OK
Server: Apache
X-Frame-Options: SAMEORIGIN
Content-Type: text/html; charset=UTF-8
Date: Sun, 26 May 2013 22:01:52 GMT
Content-Length: 7
Connection: close
Set-Cookie: cwrClyrK4LoCV1fydGbAxiNL6iG=UkgLESWPVxi6At7dCvzPR3RS25l70QKxJvwSQMNc2Lwam1StPLYElUmp01qqy5dl9rCtfh1kv8SOAEkPF4Q0V3gIzBZDVyqiE0q74m1_Esbu9TozASizjQaWncbAiBjRmo4JbG%7cuWaL0W7CKvvzCvETgawiFotsMyaiWBoksq6qYKAfq0OXmsNXKLSVBAwKtNC4H8csll6uum%7c41cAM0WbvNQWfLU5gaCRwUoETvkx9JEsL5zJBABsXrUHnvwDK0h0xh80cLULruv36kn-8G%7c1369605712; domain=.paypal.com; path=/; HttpOnly
Set-Cookie: cookie_check=yes; expires=Wed, 24-May-2023 22:01:52 GMT; domain=.paypal.com; path=/; HttpOnly
Set-Cookie: navcmd=_notify-validate; domain=.paypal.com; path=/; HttpOnly
Set-Cookie: navlns=0.0; expires=Sat, 21-May-2033 22:01:52 GMT; domain=.paypal.com; path=/; HttpOnly
Set-Cookie: aksession=1369606012~id=cookieIjA9NwN5zx6/QewkEQY4xIBLYzXN875JUqCqF+vNUook/MZcm3wvVC9bBqJfh2TV6dhxdBOBes+BFTF4QkgzV4M6XYejHJCrzMM38wpI2UK7PrDwRYdCeQWd85RgPI9s; expires=Sun, 26-May-2013 22:06:52 GMT; path=/; domain=.paypal.com

INVALID

[05/27/2013 12:03 AM] - FAIL: IPN Validation Failed.
IPN POST Vars from Paypal:

IPN Response from Paypal Server:
 HTTP/1.1 200 OK
Server: Apache
X-Frame-Options: SAMEORIGIN
Content-Type: text/html; charset=UTF-8
Date: Sun, 26 May 2013 22:03:24 GMT
Content-Length: 7
Connection: close
Set-Cookie: cwrClyrK4LoCV1fydGbAxiNL6iG=t7O4x4gSksjFm4BNt3yS50MPglETtvE7g9UJL0kYCZ7hIhk67LZ-65dVUffcmmbSAXvOLX_JNqRp-rnVW2zY35qByFyJElIBWpjZaRclTt8aWanQ1uo8WSuRE2Ar23VlwS5c90%7cwYAmBcRm_1r8KQpQT1xRUAv6A2zw9EKWbG6PPNyLNoUtef_pAvEH0R0tdKSl5NLAQ3c8SG%7cJKAWMt5Fxc6KaLIJv0hk2FWKglMhbUzCtA6epXRLkA6uGLySYpckegrO-y7wny0dpZN46m%7c1369605804; domain=.paypal.com; path=/; HttpOnly
Set-Cookie: cookie_check=yes; expires=Wed, 24-May-2023 22:03:24 GMT; domain=.paypal.com; path=/; HttpOnly
Set-Cookie: navcmd=_notify-validate; domain=.paypal.com; path=/; HttpOnly
Set-Cookie: navlns=0.0; expires=Sat, 21-May-2033 22:03:24 GMT; domain=.paypal.com; path=/; HttpOnly
Set-Cookie: aksession=1369606104~id=cookieK5gf5KKdhbdQPyCnUd93CoK27Mrkp8WduYav9lle7kN55qNcML0AVW1q8CJFcs6TvC68+jLthj+sg4cQFdGjBPRDzRpWc4PJfBpGnjw0XL8Ht+8SGqSggQm8MfiBPcYe; expires=Sun, 26-May-2013 22:08:24 GMT; path=/; domain=.paypal.com

INVALID

[05/27/2013 12:04 AM] - FAIL: IPN Validation Failed.
IPN POST Vars from Paypal:

IPN Response from Paypal Server:
 HTTP/1.1 200 OK
Server: Apache
X-Frame-Options: SAMEORIGIN
Content-Type: text/html; charset=UTF-8
Date: Sun, 26 May 2013 22:04:14 GMT
Content-Length: 7
Connection: close
Set-Cookie: cwrClyrK4LoCV1fydGbAxiNL6iG=Hdl1Q4785t5mFTgwessUfbZHnXpJM1Imv3Gy-hqTqUsjMmwtA87ui76KZKPgtgEwZH7XL9T5OlKhyCr5USuIfDiruQl6O0TY_-xZBAp430aBcaP5ycXSgdJYdI1vQJvcB2oQwG%7c9rPE4Yle0GyU6pLxS7gSNgkigJJWZYoGfVi17eT1U2Y8gdV-x76knTQCoh2AZE4CieBJtW%7cKYdNpe1QbgtFbbSMyaZsHMjWzd8iLqlEQzT6hzqYXTolshqXkzeZaPzmqIuvLtWvlprKFW%7c1369605854; domain=.paypal.com; path=/; HttpOnly
Set-Cookie: cookie_check=yes; expires=Wed, 24-May-2023 22:04:14 GMT; domain=.paypal.com; path=/; HttpOnly
Set-Cookie: navcmd=_notify-validate; domain=.paypal.com; path=/; HttpOnly
Set-Cookie: navlns=0.0; expires=Sat, 21-May-2033 22:04:14 GMT; domain=.paypal.com; path=/; HttpOnly
Set-Cookie: aksession=1369606154~id=cookieleGHOJmy4LdV59KfdoKlQtSKk6J3gqu8wzpcgWlSPbn1FEMIATaYy8/tikkMqqeyMs3R32tDoGU7DmwH0hVMSJOxyxrleFG+WVruxZ098qbMc2OpD87LRrfa9r9pJfrX; expires=Sun, 26-May-2013 22:09:14 GMT; path=/; domain=.paypal.com

INVALID

[05/27/2013 12:04 AM] - FAIL: IPN Validation Failed.
IPN POST Vars from Paypal:

IPN Response from Paypal Server:
 HTTP/1.1 200 OK
Server: Apache
X-Frame-Options: SAMEORIGIN
Content-Type: text/html; charset=UTF-8
Date: Sun, 26 May 2013 22:04:29 GMT
Content-Length: 7
Connection: close
Set-Cookie: cwrClyrK4LoCV1fydGbAxiNL6iG=h6JcysoIYUlxKp_KXsv-SufIjsxB5zTgW9c4q-KiEdOIgBv_aASVkpFwTcRLLAHOxTeewlQ-aPQb_cNxDyElYA9nIOwvG2geYhU64ni-Rrup4XuCqDsohNG5VdeNeAw1XiimLm%7cJd1-lI6H4UqbitCnATgxAQtLq8ltfC-YkEP1URAT6jDV7_xdcmgMeUZZ4u1LzOE8jakLA0%7cEbYmhgdHYiZwaIkHEqlbhNl7hCeuwyo0wLfy5Zd8Dd4hyjhQz0u5qPmgU_fQQ-1KGMGodm%7c1369605869; domain=.paypal.com; path=/; HttpOnly
Set-Cookie: cookie_check=yes; expires=Wed, 24-May-2023 22:04:29 GMT; domain=.paypal.com; path=/; HttpOnly
Set-Cookie: navcmd=_notify-validate; domain=.paypal.com; path=/; HttpOnly
Set-Cookie: navlns=0.0; expires=Sat, 21-May-2033 22:04:29 GMT; domain=.paypal.com; path=/; HttpOnly
Set-Cookie: aksession=1369606169~id=cookieD4a+ngqSWdpBamxw+KbJGoJP10u9TFT+zSXVoaE71VPIpkgPQs7AP+zE7o14ggQARJgKk/5wdt9yZ2Gm7Z0F9+GPaJu25gnq5HUjoH/5b1D0r8WZc0lUjYily63N2y6K; expires=Sun, 26-May-2013 22:09:29 GMT; path=/; domain=.paypal.com

INVALID

[05/27/2013 12:07 AM] - FAIL: IPN Validation Failed.
IPN POST Vars from Paypal:

IPN Response from Paypal Server:
 HTTP/1.1 200 OK
Server: Apache
X-Frame-Options: SAMEORIGIN
Content-Type: text/html; charset=UTF-8
Date: Sun, 26 May 2013 22:07:57 GMT
Content-Length: 7
Connection: close
Set-Cookie: cwrClyrK4LoCV1fydGbAxiNL6iG=aEBGj_2f-X4DaDrtYfEQMMXrzd3v5u2l3LQFiSBEuNrvcFkaaR1Smlde0h2Gw_sVPt-A6MC1fkGd7XhZYMxJJRPIE5xJeG3TO1gieBD5G4bdLIl09lfgd7dGj3u%7c5nlILNKItRwFXpV2OXv0n2l60EjyS9Yn6i5Vybe73EIVz8GgepAqWbDX2a54qrMXXof4q0%7c9y7OeXcB0tRc5H9nmyXyUExAWJ2YjMvjAYacKj_2idpUzzEUUwBl8sxwH3kpgyzKFjDKH0%7c1369606077; domain=.paypal.com; path=/; HttpOnly
Set-Cookie: cookie_check=yes; expires=Wed, 24-May-2023 22:07:57 GMT; domain=.paypal.com; path=/; HttpOnly
Set-Cookie: navcmd=_notify-validate; domain=.paypal.com; path=/; HttpOnly
Set-Cookie: navlns=0.0; expires=Sat, 21-May-2033 22:07:57 GMT; domain=.paypal.com; path=/; HttpOnly
Set-Cookie: aksession=1369606377~id=cookieE/47Def/nsDbhdgICa/lZyymWRSZOSaKCb+CWmIIbxJyKXVCnkYcDTvq55BmDgx92j3UNwiUlcHYWkadjFz4ZOy82uqnJYWnk9NlwbSW/LukXKXwaGH+Ioq9GaYhHM2a; expires=Sun, 26-May-2013 22:12:57 GMT; path=/; domain=.paypal.com

INVALID

[05/30/2013 7:13 PM] - SUCCESS!
IPN POST Vars from Paypal:
mc_gross=12.00, protection_eligibility=Ineligible, payer_id=8ZXVFZACZWU6L, tax=0.00, payment_date=10:13:50 May 30, 2013 PDT, payment_status=Completed, charset=windows-1252, first_name=Wilfried, mc_fee=0.58, notify_version=3.7, custom=568, payer_status=verified, business=samba_godschynski@web.de, quantity=1, verify_sign=AynlJ2zsmflH.74VEfIBZZJsEArxAX8R.OXLnP8O3JaespEXVLjWRW8m, payer_email=w.kuligowski@t-online.de, txn_id=7XW18767PT263751A, payment_type=instant, btn_id=59310348, last_name=Kuligowski, receiver_email=samba_godschynski@web.de, payment_fee=, shipping_discount=0.00, insurance_amount=0.00, receiver_id=ZAVWPQJ89KKLY, txn_type=web_accept, item_name=VSTForx-PreRelease, discount=0.00, mc_currency=EUR, item_number=3, residence_country=DE, handling_amount=0.00, shipping_method=Default, transaction_subject=568, payment_gross=, shipping=0.00, ipn_track_id=35fff8d2ab3e2, 
IPN Response from Paypal Server:
 HTTP/1.1 200 OK
Server: Apache
X-Frame-Options: SAMEORIGIN
Content-Type: text/html; charset=UTF-8
Date: Thu, 30 May 2013 17:13:53 GMT
Content-Length: 8
Connection: close
Set-Cookie: cwrClyrK4LoCV1fydGbAxiNL6iG=Ftxsst1Qm8QRtGQmb5ol2i5tADaqQqOtdj8v6Z3PJ5lHG_UPT7dM44sfajuH_L90T8WeSQqfNLjs7AWhQpombWAKos9ToPGpRmgE9Bo8Ho7E8gudCvYuZ0pnSLu%7cczC-WjZBUrC5hV2eKqDXpOnhShwBPm8TUI39DVJdzRYcRVN6XqRlgKiZJNz7qHjFxOtok0%7cHyyEur_MTA6TthcINSEVKYpjZUNBfvAW6cq5EOupuyyapNXWY6fTkH8FUUou2x4ScZJgGW%7c1369934033; domain=.paypal.com; path=/; HttpOnly
Set-Cookie: cookie_check=yes; expires=Sun, 28-May-2023 17:13:53 GMT; domain=.paypal.com; path=/; HttpOnly
Set-Cookie: navcmd=_notify-validate; domain=.paypal.com; path=/; HttpOnly
Set-Cookie: navlns=0.0; expires=Wed, 25-May-2033 17:13:53 GMT; domain=.paypal.com; path=/; HttpOnly
Set-Cookie: aksession=1369934333~id=cookieRlbwB+Jk+QoKI/7T/GnVzW3kqdPgW2dl8SgFNlQiGtnszOiw8kmgDBNBEq0uiIJh2ii1r9mIvB+hGezqvVj6gRWoCqcsEs65YwV2h6WE/v5eSmLKfWzMA5mGqYNPywzR; expires=Thu, 30-May-2013 17:18:53 GMT; path=/; domain=.paypal.com

VERIFIED

[05/30/2013 7:47 PM] - SUCCESS!
IPN POST Vars from Paypal:
mc_gross=12.00, protection_eligibility=Ineligible, payer_id=4S6SFKVUAC9V6, tax=0.00, payment_date=10:47:18 May 30, 2013 PDT, payment_status=Completed, charset=windows-1252, first_name=Michael, mc_fee=0.58, notify_version=3.7, custom=797, payer_status=verified, business=samba_godschynski@web.de, quantity=1, verify_sign=AKpmw1jv8rb8Wd5RI2SDc0J8qrKdAmMwFzkBIBFrPWI.T8DDshXfdrST, payer_email=koalaboy@gmail.com, txn_id=7V1900364W546912S, payment_type=instant, btn_id=59310348, last_name=Kearns, receiver_email=samba_godschynski@web.de, payment_fee=, shipping_discount=0.00, insurance_amount=0.00, receiver_id=ZAVWPQJ89KKLY, txn_type=web_accept, item_name=VSTForx-PreRelease, discount=0.00, mc_currency=EUR, item_number=3, residence_country=GB, handling_amount=0.00, shipping_method=Default, transaction_subject=797, payment_gross=, shipping=0.00, ipn_track_id=3d101280e35c8, 
IPN Response from Paypal Server:
 HTTP/1.1 200 OK
Server: Apache
X-Frame-Options: SAMEORIGIN
Content-Type: text/html; charset=UTF-8
Date: Thu, 30 May 2013 17:47:27 GMT
Content-Length: 8
Connection: close
Set-Cookie: cwrClyrK4LoCV1fydGbAxiNL6iG=O3CttUALZhMu0W4DKsQBnZwubUGIavlbkx68blBt8A4RguzdK1gvmBD7Esr4yE8V4yAXsp8b8xvRnbfhPrnCeRO4XrFQcmTe5eh6h4rWkEIKWG7BVqwKWYusY4JZgZVSqMR6tm%7c0DzSmq_Xab7VSw0B-K3ZifLY-UB-_abRdC-bw1koMY5Uq8lENpf3u_OEubyoIW3ZMYqfiG%7cCPTVeo1ICoxxZeMnJiQTvSokXehS1o9ZpZMj57AgAaYXVT8URRcpQjZWgpelMf8MKEmj7W%7c1369936046; domain=.paypal.com; path=/; HttpOnly
Set-Cookie: cookie_check=yes; expires=Sun, 28-May-2023 17:47:26 GMT; domain=.paypal.com; path=/; HttpOnly
Set-Cookie: navcmd=_notify-validate; domain=.paypal.com; path=/; HttpOnly
Set-Cookie: navlns=0.0; expires=Wed, 25-May-2033 17:47:26 GMT; domain=.paypal.com; path=/; HttpOnly
Set-Cookie: aksession=1369936347~id=cookie7nzxwMhgfRqnSmSvFHVs2Wksn2SyYjBLIdnW0USvh426e/NaGLdXNwHO0FUsNcDRHjs+8zkcw2JxF/UZF1uAkGESFPoetwovLNfWw+WOJ4qnl28JnYtoKlTm5CDP/lT4; expires=Thu, 30-May-2013 17:52:27 GMT; path=/; domain=.paypal.com

VERIFIED

[05/30/2013 9:05 PM] - SUCCESS!
IPN POST Vars from Paypal:
mc_gross=12.00, protection_eligibility=Ineligible, payer_id=SPC24UQTBDF58, tax=0.00, payment_date=12:05:16 May 30, 2013 PDT, payment_status=Completed, charset=windows-1252, first_name=Julian Thomas, mc_fee=0.58, notify_version=3.7, custom=1066, payer_status=verified, business=samba_godschynski@web.de, quantity=1, verify_sign=AzpDr76UYbFV6.q9Y8haEP5lm4s1AjTregkoZVxAwXLV-U7s3ME7dcyB, payer_email=julian@britesc.com, txn_id=2T383495XG890325M, payment_type=instant, btn_id=59310348, last_name=Bourne, receiver_email=samba_godschynski@web.de, payment_fee=, shipping_discount=0.00, insurance_amount=0.00, receiver_id=ZAVWPQJ89KKLY, txn_type=web_accept, item_name=VSTForx-PreRelease, discount=0.00, mc_currency=EUR, item_number=3, residence_country=ES, handling_amount=0.00, shipping_method=Default, transaction_subject=1066, payment_gross=, shipping=0.00, ipn_track_id=100bc1e451885, 
IPN Response from Paypal Server:
 HTTP/1.1 200 OK
Server: Apache
X-Frame-Options: SAMEORIGIN
Content-Type: text/html; charset=UTF-8
Date: Thu, 30 May 2013 19:05:21 GMT
Content-Length: 8
Connection: close
Set-Cookie: cwrClyrK4LoCV1fydGbAxiNL6iG=-lGr9_EYmCIFSdNHJms_lQVPoQVQSnoCNT8cb0Se850qg74gYLOfEps2d8haZJ8W7QUb5WGEgbsvI32UY7s5bOhyjGmt23fWuZzSS9YBTMT1L30s6SBHgZl1nLW%7cDQ-kdr2DFYN8inWeiDWtBsBUww6tOHdV0He3jt2HyXRjC2AzxnMBoR7lVGwhJ35MBU5aw0%7c_h92qPbok7BGrdrS96PZjyT-2StVyXzPq4W-ieF28njBKahOgVTDb2cIjeYQojAPypO1vm%7c1369940721; domain=.paypal.com; path=/; HttpOnly
Set-Cookie: cookie_check=yes; expires=Sun, 28-May-2023 19:05:21 GMT; domain=.paypal.com; path=/; HttpOnly
Set-Cookie: navcmd=_notify-validate; domain=.paypal.com; path=/; HttpOnly
Set-Cookie: navlns=0.0; expires=Wed, 25-May-2033 19:05:21 GMT; domain=.paypal.com; path=/; HttpOnly
Set-Cookie: aksession=1369941021~id=cookie0hY7SbCDZdfLJSRAdJ3/3N6lSnxeo3v1PPNQF4ZDegecuhyPXxMiDs9lAQnhWtT+AfNYI2dsuz0uc9q7IRG7X/u78Qv61NdSeWJW+IzHydjOj9gnbTZebh8DoxkEdwmV; expires=Thu, 30-May-2013 19:10:21 GMT; path=/; domain=.paypal.com

VERIFIED

[05/31/2013 12:30 AM] - SUCCESS!
IPN POST Vars from Paypal:
mc_gross=12.00, protection_eligibility=Ineligible, payer_id=RKUNLP4EPNQA4, tax=0.00, payment_date=15:30:54 May 30, 2013 PDT, payment_status=Completed, charset=windows-1252, first_name=Chris, mc_fee=0.82, notify_version=3.7, custom=1000, payer_status=verified, business=samba_godschynski@web.de, quantity=1, verify_sign=AaHWzdx7MNG78.2ZG9rHp1zRA7zlA4s7z2EgN23iJ4FsYEaknqU-CNNm, payer_email=ceej-paypal@lambda.nu, txn_id=0DD37283C67375909, payment_type=instant, btn_id=59310348, last_name=Hillery, receiver_email=samba_godschynski@web.de, payment_fee=, shipping_discount=0.00, insurance_amount=0.00, receiver_id=ZAVWPQJ89KKLY, txn_type=web_accept, item_name=VSTForx-PreRelease, discount=0.00, mc_currency=EUR, item_number=3, residence_country=US, handling_amount=0.00, shipping_method=Default, transaction_subject=1000, payment_gross=, shipping=0.00, ipn_track_id=4b056cf577144, 
IPN Response from Paypal Server:
 HTTP/1.1 200 OK
Server: Apache
X-Frame-Options: SAMEORIGIN
Content-Type: text/html; charset=UTF-8
Date: Thu, 30 May 2013 22:30:59 GMT
Content-Length: 8
Connection: close
Set-Cookie: cwrClyrK4LoCV1fydGbAxiNL6iG=5Vbdsfyi9pqCoRX_7lMtDEN_-IYlMukjQTRk56cfPE5Vt-RXAWCfB_rIbDS02aLhJXLHcDgRUc8h4YfTvqlTHvPuYI0a_1fCpCMsmbjOZAhoYlIz4QUFlFFrfs8AfYKIpJmevG%7cquRSlVAAcmwpAjWmDMCqBPs_86Ut4hKFaGCYA8BkOTlXB6ausUkuBAKv2WboDbDJosw7x0%7cqN0o3Xf12iN06z6mAUJ1EqP16-d4ptaStZvO8WycBliW91wduMR28lP2xPdP1Kd19L4cm0%7c1369953059; domain=.paypal.com; path=/; HttpOnly
Set-Cookie: cookie_check=yes; expires=Sun, 28-May-2023 22:30:59 GMT; domain=.paypal.com; path=/; HttpOnly
Set-Cookie: navcmd=_notify-validate; domain=.paypal.com; path=/; HttpOnly
Set-Cookie: navlns=0.0; expires=Wed, 25-May-2033 22:30:59 GMT; domain=.paypal.com; path=/; HttpOnly
Set-Cookie: aksession=1369953359~id=cookierI317LFyw+2E//gCkVVHSXDIpwS89MFqz4ugoTibyvPNAfgfPktFTVufeFse4ZoAyVwANRUUuJwcnT+Us+tI6dKGOxCE+VVF6NbcWxyrsScNbXeJOsmSKLMEHdPuUu5c; expires=Thu, 30-May-2013 22:35:59 GMT; path=/; domain=.paypal.com

VERIFIED

[05/31/2013 3:54 AM] - SUCCESS!
IPN POST Vars from Paypal:
mc_gross=12.00, protection_eligibility=Ineligible, payer_id=8CGFWYDE3PUW4, tax=0.00, payment_date=18:54:41 May 30, 2013 PDT, payment_status=Completed, charset=windows-1252, first_name=Jens, mc_fee=0.58, notify_version=3.7, custom=885, payer_status=verified, business=samba_godschynski@web.de, quantity=1, verify_sign=AjNG4H.j9XP5JDmRSY54-UnKMFtBAZOAjLpMc3OvGnTzW0oFZ6nuYwGm, payer_email=jens.agren@gmail.com, txn_id=6W336560UK828321L, payment_type=instant, payer_business_name=LKWRM, btn_id=59310348, last_name=Agren, receiver_email=samba_godschynski@web.de, payment_fee=, shipping_discount=0.00, insurance_amount=0.00, receiver_id=ZAVWPQJ89KKLY, txn_type=web_accept, item_name=VSTForx-PreRelease, discount=0.00, mc_currency=EUR, item_number=3, residence_country=SE, handling_amount=0.00, shipping_method=Default, transaction_subject=885, payment_gross=, shipping=0.00, ipn_track_id=ba648a9f13465, 
IPN Response from Paypal Server:
 HTTP/1.1 200 OK
Server: Apache
X-Frame-Options: SAMEORIGIN
Content-Type: text/html; charset=UTF-8
Date: Fri, 31 May 2013 01:54:48 GMT
Content-Length: 8
Connection: close
Set-Cookie: cwrClyrK4LoCV1fydGbAxiNL6iG=l75m0Trzvyj5EfjjKdA7a8-qHqZ2aho3js6urvGpr5yTI7802Vo_aCg_VglBCkVxgcJL17_V4Ie_6NRqPgbGGESwZ952vhr36H37Otmw7WEE2y23bgboJhAuWeQLIHJw81z9Sm%7c1N--3kSpD3H-8EYgcrEh_gbs1TFBK670PrDcxDEysAFR0TzR2bOfby03nm_Ri5K2YOhn8G%7cTSRtvaLhCBJZz_zDm56VMVf1GkzNALmC3ET5QCNxyAD-VNPEfEzaN_34KKpfe5FSQke70G%7c1369965288; domain=.paypal.com; path=/; HttpOnly
Set-Cookie: cookie_check=yes; expires=Mon, 29-May-2023 01:54:48 GMT; domain=.paypal.com; path=/; HttpOnly
Set-Cookie: navcmd=_notify-validate; domain=.paypal.com; path=/; HttpOnly
Set-Cookie: navlns=0.0; expires=Thu, 26-May-2033 01:54:48 GMT; domain=.paypal.com; path=/; HttpOnly
Set-Cookie: aksession=1369965588~id=cookieMgmXLfSlvDlIbeJPfIN9+FNqJAjAycDksZ/nDMJxaFJEpo5f5v7nCwxEzXFeFqbSx5SsbSE2kxhJvSTwCGVUlEV8I5LmeZ6H1HqwPdnYRlvENbBSvmGbXNOeAiRrfSfh; expires=Fri, 31-May-2013 01:59:48 GMT; path=/; domain=.paypal.com

VERIFIED

[05/31/2013 9:05 AM] - SUCCESS!
IPN POST Vars from Paypal:
mc_gross=12.00, protection_eligibility=Ineligible, payer_id=ALFM43BE2VNFL, tax=0.00, payment_date=00:05:10 May 31, 2013 PDT, payment_status=Completed, charset=windows-1252, first_name=Jonas, mc_fee=0.58, notify_version=3.7, custom=1710, payer_status=verified, business=samba_godschynski@web.de, quantity=1, verify_sign=AcEn.UCFuxaynGJhil0tm2DZG9zJAHyiMRdUgVIbDWTY86k1Zx7IOJF-, payer_email=jonas@truls.org, txn_id=64U41017FG718815F, payment_type=instant, btn_id=59310348, last_name=Eckerman, receiver_email=samba_godschynski@web.de, payment_fee=, shipping_discount=0.00, insurance_amount=0.00, receiver_id=ZAVWPQJ89KKLY, txn_type=web_accept, item_name=VSTForx-PreRelease, discount=0.00, mc_currency=EUR, item_number=3, residence_country=SE, handling_amount=0.00, shipping_method=Default, transaction_subject=1710, payment_gross=, shipping=0.00, ipn_track_id=3b402bdd7de74, 
IPN Response from Paypal Server:
 HTTP/1.1 200 OK
Server: Apache
X-Frame-Options: SAMEORIGIN
Content-Type: text/html; charset=UTF-8
Date: Fri, 31 May 2013 07:05:21 GMT
Content-Length: 8
Connection: close
Set-Cookie: cwrClyrK4LoCV1fydGbAxiNL6iG=hoxe_JnHG-_yyK88QIOYLV4Oua-RQEZmfu4k-NXBLJoX5l5PZK8YNeSYUxZYbA_u56KBZY5Bea4gcQXTtuWiLEztBc7HgujnfNU9K7TUXEVI1JcpGKgOoOaXbVti8gJEeQGnuW%7cN6XjFbovs1s1ZB98MztTOOmGaDbdVJ7D2rCJ-E8wjpU9fZfnVB54Fk9bBpbfJQUHJuk4nG%7cgX3XWX6ZC_iFw-zaXzVx6RcbiZft8g5nVJH_1u_9Aiv88MHtGuHcw_LXdqfaGxJ6cPz7ZG%7c1369983921; domain=.paypal.com; path=/; HttpOnly
Set-Cookie: cookie_check=yes; expires=Mon, 29-May-2023 07:05:21 GMT; domain=.paypal.com; path=/; HttpOnly
Set-Cookie: navcmd=_notify-validate; domain=.paypal.com; path=/; HttpOnly
Set-Cookie: navlns=0.0; expires=Thu, 26-May-2033 07:05:21 GMT; domain=.paypal.com; path=/; HttpOnly
Set-Cookie: aksession=1369984221~id=cookieQ/D61DlKNEl2Cbfszo2hbiBMw4vcEe+eVr13ATDQEbAa3nRWDhZeLe4oD+VOtzYzYL+i4LPbcWpA+JGYp3JUelwqhunwz4uOqMbLDloMgVkxdyRlvwMuA36SzZ4ASw+d; expires=Fri, 31-May-2013 07:10:21 GMT; path=/; domain=.paypal.com

VERIFIED

[05/31/2013 11:35 AM] - SUCCESS!
IPN POST Vars from Paypal:
mc_gross=12.00, protection_eligibility=Ineligible, payer_id=TAFLPGNS7MZNJ, tax=0.00, payment_date=02:35:38 May 31, 2013 PDT, payment_status=Completed, charset=windows-1252, first_name=Bruno, mc_fee=0.58, notify_version=3.7, custom=1493, payer_status=verified, business=samba_godschynski@web.de, quantity=1, verify_sign=ACaAI0Mxj34BoTpCnZa9Dl2d4SaXA02KDYRTHcUIU73YmY3HJ5SMU8-i, payer_email=mashirumi@gmail.com, txn_id=1R115221170567303, payment_type=instant, btn_id=59310348, last_name=Veloso, receiver_email=samba_godschynski@web.de, payment_fee=, shipping_discount=0.00, insurance_amount=0.00, receiver_id=ZAVWPQJ89KKLY, txn_type=web_accept, item_name=VSTForx-PreRelease, discount=0.00, mc_currency=EUR, item_number=3, residence_country=ES, handling_amount=0.00, shipping_method=Default, transaction_subject=1493, payment_gross=, shipping=0.00, ipn_track_id=190ab65ecfbdd, 
IPN Response from Paypal Server:
 HTTP/1.1 200 OK
Server: Apache
X-Frame-Options: SAMEORIGIN
Content-Type: text/html; charset=UTF-8
Date: Fri, 31 May 2013 09:35:41 GMT
Content-Length: 8
Connection: close
Set-Cookie: cwrClyrK4LoCV1fydGbAxiNL6iG=g1R10PJt6NGT9zd5S5pcxsdR5b98HhjadNUgXUPf-ThGH1I-05LWYBwuXlVMYHTCEj-0kuGOlDnCi-tTyX8PxKcNsg-_e_Y2PeZ68eR0OQSJ61kdNCWPjyY9_cIanyfUQzLgaW%7c59zxU-8FWjyg3jFJRwcBSL1bdQ1c_H-UTmL1vdEkAweph23K_ycSppU74XEwoBP-pC1nx0%7cYDAKloaLw9Nxi6ozJTXZ7oljpolJ35BxGVHN9thZ2hMlnw_L9-4ZOrM45fDrTQH-DevLJ0%7c1369992941; domain=.paypal.com; path=/; HttpOnly
Set-Cookie: cookie_check=yes; expires=Mon, 29-May-2023 09:35:41 GMT; domain=.paypal.com; path=/; HttpOnly
Set-Cookie: navcmd=_notify-validate; domain=.paypal.com; path=/; HttpOnly
Set-Cookie: navlns=0.0; expires=Thu, 26-May-2033 09:35:41 GMT; domain=.paypal.com; path=/; HttpOnly
Set-Cookie: aksession=1369993241~id=cookie9byuieXhm9Fy7XfgLJLL9g3DisObv9vCG+leIUSRzs1FJ4Q1KzzKzEXE8qNUIeBabhIyjxa5yRZ0dKvUjUY4oxaEru7VlppBlVEdBdnMzi3wCY1Ot8UiaK1R5rG5ss23; expires=Fri, 31-May-2013 09:40:41 GMT; path=/; domain=.paypal.com

VERIFIED

[05/31/2013 12:04 PM] - SUCCESS!
IPN POST Vars from Paypal:
mc_gross=12.00, protection_eligibility=Ineligible, payer_id=L4H38BEMUKQTS, tax=0.00, payment_date=03:04:56 May 31, 2013 PDT, payment_status=Completed, charset=windows-1252, first_name=Daniel, mc_fee=0.58, notify_version=3.7, custom=1740, payer_status=verified, business=samba_godschynski@web.de, quantity=1, verify_sign=A9LC3Qajo-H2V8mPq4eIktgPvG2RAm2CRkd0Du.0M5no5E.UpQPN51PX, payer_email=dan.corkery@gmail.com, txn_id=3XX183664N4922818, payment_type=instant, btn_id=59310348, last_name=Corkery, receiver_email=samba_godschynski@web.de, payment_fee=, shipping_discount=0.00, insurance_amount=0.00, receiver_id=ZAVWPQJ89KKLY, txn_type=web_accept, item_name=VSTForx-PreRelease, discount=0.00, mc_currency=EUR, item_number=3, residence_country=IE, handling_amount=0.00, shipping_method=Default, transaction_subject=1740, payment_gross=, shipping=0.00, ipn_track_id=d852137f213e0, 
IPN Response from Paypal Server:
 HTTP/1.1 200 OK
Server: Apache
X-Frame-Options: SAMEORIGIN
Content-Type: text/html; charset=UTF-8
Date: Fri, 31 May 2013 10:04:59 GMT
Content-Length: 8
Connection: close
Set-Cookie: cwrClyrK4LoCV1fydGbAxiNL6iG=Jq42jaqGcbSbwT79pmZg8gKkg3V30mu9QUgvSP44DC9IV7MNWcZrUDLjKEocukV640YwU2wZ_7-a6OZVMxHbcYEb-m-FEI-tZIjdRCPLZLyJY4Z-8RhuOQuIvGs4QVH2b3zV6W%7cudWWGPqDuF6XhJvRoZ2Nphw6u2H_v4ipg1qyphWonoVH24JqadELItvBg5cZL-Xi5SQMt0%7cSFKgELqepHywHXe6CK9iRVOA0zLx4pQnCLkKpuW6eumQ_eIcNtkPX1Wqt057-nW8TZnYY0%7c1369994699; domain=.paypal.com; path=/; HttpOnly
Set-Cookie: cookie_check=yes; expires=Mon, 29-May-2023 10:04:59 GMT; domain=.paypal.com; path=/; HttpOnly
Set-Cookie: navcmd=_notify-validate; domain=.paypal.com; path=/; HttpOnly
Set-Cookie: navlns=0.0; expires=Thu, 26-May-2033 10:04:59 GMT; domain=.paypal.com; path=/; HttpOnly
Set-Cookie: aksession=1369994999~id=cookienqfN2VdRj4nb0TtTYOd+HI6BxeHV3SfHeva8OA+dM+5fnDrRycT99Y7zh1wHuTN3Vw+9ntQaEZAqmmOzIGvw01E67kz6Qp2PnbnlVDDBUPuOZGkFcopPwt92+7ol3KFP; expires=Fri, 31-May-2013 10:09:59 GMT; path=/; domain=.paypal.com

VERIFIED

[05/31/2013 3:06 PM] - SUCCESS!
IPN POST Vars from Paypal:
mc_gross=12.00, protection_eligibility=Ineligible, payer_id=QRCAWTUPGCPG4, tax=0.00, payment_date=06:06:17 May 31, 2013 PDT, payment_status=Completed, charset=windows-1252, first_name=Travis J, mc_fee=0.82, notify_version=3.7, custom=761, payer_status=unverified, business=samba_godschynski@web.de, quantity=1, verify_sign=Abq1ibOyVEfQZ.tq6WBfugtAauMyA-1XJoxVqV77bPZzaUX45fAYVr62, payer_email=Basso@live.com, txn_id=5HF85041FB5774527, payment_type=instant, btn_id=59310348, last_name=Basso, receiver_email=samba_godschynski@web.de, payment_fee=, shipping_discount=0.00, insurance_amount=0.00, receiver_id=ZAVWPQJ89KKLY, txn_type=web_accept, item_name=VSTForx-PreRelease, discount=0.00, mc_currency=EUR, item_number=3, residence_country=US, handling_amount=0.00, shipping_method=Default, transaction_subject=761, payment_gross=, shipping=0.00, ipn_track_id=40dae6c6e134c, 
IPN Response from Paypal Server:
 HTTP/1.1 200 OK
Server: Apache
X-Frame-Options: SAMEORIGIN
Content-Type: text/html; charset=UTF-8
Date: Fri, 31 May 2013 13:06:23 GMT
Content-Length: 8
Connection: close
Set-Cookie: cwrClyrK4LoCV1fydGbAxiNL6iG=ru-cnszQEHf3awIIlGH60OiMDtzfzSzwZkaU5TGOyMrkSHsGkwAzebkJ3sGsHBYbbMA1C91ZaVARUow8-bA8z_Fo0w-xYukfZqjW78hGYo6CQJtNJ3J6AUCl1iMuBnUcEqXVhW%7cQzj0wMKr0DrAFo287sCy1xJnvsg4jLolxF8_cIPsrkKQHvuSnJj1KSBkcTxl_FQm8Vt-pG%7cHumz8x3CsBCPyDEeVtoNVwjtMKxslUiex9QXTp5fd--TZcSFWdCKhAw7SMabEKzHayXMOG%7c1370005583; domain=.paypal.com; path=/; HttpOnly
Set-Cookie: cookie_check=yes; expires=Mon, 29-May-2023 13:06:23 GMT; domain=.paypal.com; path=/; HttpOnly
Set-Cookie: navcmd=_notify-validate; domain=.paypal.com; path=/; HttpOnly
Set-Cookie: navlns=0.0; expires=Thu, 26-May-2033 13:06:23 GMT; domain=.paypal.com; path=/; HttpOnly
Set-Cookie: aksession=1370005883~id=cookieRGYrcfJLJioOnmMLd1Lz5J8pPJO+5fsqjgoZuOOHDQNYw99zk5SU26rDpXoIypun7go3ZRdJBtfNjxJcnye8/mPosHMxwtNaWW6VgilwkSCjKfIdTtotm8MhwczLpQvA; expires=Fri, 31-May-2013 13:11:23 GMT; path=/; domain=.paypal.com

VERIFIED

[05/31/2013 3:58 PM] - SUCCESS!
IPN POST Vars from Paypal:
mc_gross=12.00, protection_eligibility=Ineligible, payer_id=LC4PUY4XWAXM8, tax=0.00, payment_date=06:58:09 May 31, 2013 PDT, payment_status=Completed, charset=windows-1252, first_name=Jan, mc_fee=0.58, notify_version=3.7, custom=1291, payer_status=verified, business=samba_godschynski@web.de, quantity=1, verify_sign=AUCWCS8iJS0AVqjQvruQ7Qz0r87SAdec20sUXbESApNQoYX5Z9-unrTd, payer_email=jan.ng.eriksson@gmail.com, txn_id=6SA71870NV713111C, payment_type=instant, btn_id=59310348, last_name=Eriksson, receiver_email=samba_godschynski@web.de, payment_fee=, shipping_discount=0.00, insurance_amount=0.00, receiver_id=ZAVWPQJ89KKLY, txn_type=web_accept, item_name=VSTForx-PreRelease, discount=0.00, mc_currency=EUR, item_number=3, residence_country=SE, handling_amount=0.00, shipping_method=Default, transaction_subject=1291, payment_gross=, shipping=0.00, ipn_track_id=a496a51d965e9, 
IPN Response from Paypal Server:
 HTTP/1.1 200 OK
Server: Apache
X-Frame-Options: SAMEORIGIN
Content-Type: text/html; charset=UTF-8
Date: Fri, 31 May 2013 13:58:11 GMT
Content-Length: 8
Connection: close
Set-Cookie: cwrClyrK4LoCV1fydGbAxiNL6iG=T5dU4d0LqsTHI58RN6kXZosU3SUMFtJsMPUX-t7EC7sRxkXSQqJv4CWA0Ig52r8HxdmceAPh3W_lCRkV-H8YVYRgraHyIwXWKmUp-0gq-TeyZMLyZbBOe222mwCvj2GuLW_MEG%7cCJd8sTK73EE5Iv-ohVU1UrVnkcRykjZQo0mjrZSmYIA3eO8uiRNmdrIIdaQ29pbt2egyR0%7cHAXJKY7FySoWCQrJ1wVUBluaEmX6NvXBUru7ThUEUXzXCWWfhw0la3SM8wqEdPi7OtIgWW%7c1370008691; domain=.paypal.com; path=/; HttpOnly
Set-Cookie: cookie_check=yes; expires=Mon, 29-May-2023 13:58:11 GMT; domain=.paypal.com; path=/; HttpOnly
Set-Cookie: navcmd=_notify-validate; domain=.paypal.com; path=/; HttpOnly
Set-Cookie: navlns=0.0; expires=Thu, 26-May-2033 13:58:11 GMT; domain=.paypal.com; path=/; HttpOnly
Set-Cookie: aksession=1370008991~id=cookieg/1WvQ09wHO8Tot1g8/YqBGDQZOHSzWf+c9XpcihYEwTEL2GoMSFrJ45oHKd8LPYqLWLntWS1hT0BTkNY//AwBrzQ0JYnWzY4yicM2wxyg111B4w+0esppco+RYPuCwb; expires=Fri, 31-May-2013 14:03:11 GMT; path=/; domain=.paypal.com

VERIFIED

[05/31/2013 4:20 PM] - SUCCESS!
IPN POST Vars from Paypal:
mc_gross=12.00, protection_eligibility=Ineligible, payer_id=S9JKSHQLGSE54, tax=0.00, payment_date=07:20:51 May 31, 2013 PDT, payment_status=Completed, charset=windows-1252, first_name=Damir, mc_fee=0.94, notify_version=3.7, custom=1741, payer_status=verified, business=samba_godschynski@web.de, quantity=1, verify_sign=AnNMT7nRteKS2auTkxdsRz9rRvvPABF4N4DVJd3PLGSuCjIpM9EF2ROD, payer_email=damir.mravunac@gmail.com, txn_id=9ES176467M9525416, payment_type=instant, btn_id=59310348, last_name=Mravunac, receiver_email=samba_godschynski@web.de, payment_fee=, shipping_discount=0.00, insurance_amount=0.00, receiver_id=ZAVWPQJ89KKLY, txn_type=web_accept, item_name=VSTForx-PreRelease, discount=0.00, mc_currency=EUR, item_number=3, residence_country=HR, handling_amount=0.00, shipping_method=Default, transaction_subject=1741, payment_gross=, shipping=0.00, ipn_track_id=69bc8928e6db8, 
IPN Response from Paypal Server:
 HTTP/1.1 200 OK
Server: Apache
X-Frame-Options: SAMEORIGIN
Content-Type: text/html; charset=UTF-8
Date: Fri, 31 May 2013 14:20:57 GMT
Content-Length: 8
Connection: close
Set-Cookie: cwrClyrK4LoCV1fydGbAxiNL6iG=FBeJM6gIVlgByq0dK-iHos03zAahRzF0sYrs1mw4H_ZJUAsmd1x_M2qGi4PxHv3Nj_O8G-mFkRWLhxPChsSv6zWB13mxJsRcu_FJc8OqTrkBE7CN8AeHMWylGaq%7ctH_F1g0EqSOv085hhQqCzQukewAsuz66CYPkQYi99Z9FIysINaWBRK4kQKziNE1YEd6j-m%7cWO8_5Yymjca0YS1IQREUTsXA6wCg523jOsKAUGXO9j3HyOulsNGXh2ZdU-qPSMW8mvLSNm%7c1370010057; domain=.paypal.com; path=/; HttpOnly
Set-Cookie: cookie_check=yes; expires=Mon, 29-May-2023 14:20:57 GMT; domain=.paypal.com; path=/; HttpOnly
Set-Cookie: navcmd=_notify-validate; domain=.paypal.com; path=/; HttpOnly
Set-Cookie: navlns=0.0; expires=Thu, 26-May-2033 14:20:57 GMT; domain=.paypal.com; path=/; HttpOnly
Set-Cookie: aksession=1370010357~id=cookiexhbKvaQQvNmAGgNg2pBqX7By8HCWLopG0Dg6TuoiTwJ5IzOwNFZ5HIZm7hL2wMnXq1H0wa3OXDQI0kVKtUu+oezXD+MT97H9F5ZJJLlsiHIfQnOnTyxN2JCtRgTntltA; expires=Fri, 31-May-2013 14:25:57 GMT; path=/; domain=.paypal.com

VERIFIED

[05/31/2013 11:23 PM] - SUCCESS!
IPN POST Vars from Paypal:
mc_gross=12.00, protection_eligibility=Ineligible, payer_id=5Y2TBUMAS3ZUS, tax=0.00, payment_date=14:23:25 May 31, 2013 PDT, payment_status=Completed, charset=windows-1252, first_name=Gary, mc_fee=0.58, notify_version=3.7, custom=1288, payer_status=verified, business=samba_godschynski@web.de, quantity=1, verify_sign=Av96gZm5axaQSaTJlkw7iphnIH8oAdyqdDa-dhh85LK81OnxGWP05biq, payer_email=ernieblick@yahoo.co.uk, txn_id=19N15397WD2718825, payment_type=instant, btn_id=59310348, last_name=Goldfinch, receiver_email=samba_godschynski@web.de, payment_fee=, shipping_discount=0.00, insurance_amount=0.00, receiver_id=ZAVWPQJ89KKLY, txn_type=web_accept, item_name=VSTForx-PreRelease, discount=0.00, mc_currency=EUR, item_number=3, residence_country=GB, handling_amount=0.00, shipping_method=Default, transaction_subject=1288, payment_gross=, shipping=0.00, ipn_track_id=4a99fdf6bd28f, 
IPN Response from Paypal Server:
 HTTP/1.1 200 OK
Server: Apache
X-Frame-Options: SAMEORIGIN
Content-Type: text/html; charset=UTF-8
Date: Fri, 31 May 2013 21:23:28 GMT
Content-Length: 8
Connection: close
Set-Cookie: cwrClyrK4LoCV1fydGbAxiNL6iG=zCp8eU7qa8ybp87l7GVskIGKveFWT5BcXHJ4ATm5BU_Icytwcc04VNLa4Z1e6vgOzb9N-xJE8ECB6YXovuq1RtYXWj63DEwLnnZW5L1h8fdFevwpKaFhoqyAJZQkiew7QVsKQ0%7cRkXeoAsbv73A2MLAYgjrpiHYnfqeRCsgitrpTX88ZHMm_nysC5qFXtanN83eAyW8_nwfu0%7cvXX--GIXDvJAZrPIghk67XKeOC6PNXrCfwzZEyRlPA8X0TPaZWXSKHsNcD8Lxxk-oJOssG%7c1370035408; domain=.paypal.com; path=/; HttpOnly
Set-Cookie: cookie_check=yes; expires=Mon, 29-May-2023 21:23:28 GMT; domain=.paypal.com; path=/; HttpOnly
Set-Cookie: navcmd=_notify-validate; domain=.paypal.com; path=/; HttpOnly
Set-Cookie: navlns=0.0; expires=Thu, 26-May-2033 21:23:28 GMT; domain=.paypal.com; path=/; HttpOnly
Set-Cookie: aksession=1370035708~id=cookie9C2h8lwwJ5U0CHF/8DwBCgeLiscroYd3gbvA4unOTuVE+nnh0FA06e0o0I/mrXAlkkKJLN9RSsElngN/wv+1QyI93srLxrLAB8ZP+IxsQ0mcfeZy9246E0H9W3P4dHkS; expires=Fri, 31-May-2013 21:28:28 GMT; path=/; domain=.paypal.com

VERIFIED

[06/01/2013 2:24 AM] - SUCCESS!
IPN POST Vars from Paypal:
mc_gross=12.00, protection_eligibility=Ineligible, payer_id=3QJ45M4STBE3W, tax=0.00, payment_date=17:24:35 May 31, 2013 PDT, payment_status=Completed, charset=windows-1252, first_name=Mariusz, mc_fee=0.58, notify_version=3.7, custom=1742, payer_status=unverified, business=samba_godschynski@web.de, quantity=1, verify_sign=AI36sk2Aln3iC.t.mla1wMizPRcQAaWuGlFsDCK-8HBdnOgUqGAtHDsS, payer_email=marrec8@gmail.com, txn_id=616412806D1508141, payment_type=instant, btn_id=59310348, last_name=Mazurek, receiver_email=samba_godschynski@web.de, payment_fee=, shipping_discount=0.00, insurance_amount=0.00, receiver_id=ZAVWPQJ89KKLY, txn_type=web_accept, item_name=VSTForx-PreRelease, discount=0.00, mc_currency=EUR, item_number=3, residence_country=SE, receipt_id=2295-1546-3696-1430, handling_amount=0.00, shipping_method=Default, transaction_subject=1742, payment_gross=, shipping=0.00, ipn_track_id=9540c433be28b, 
IPN Response from Paypal Server:
 HTTP/1.1 200 OK
Server: Apache
X-Frame-Options: SAMEORIGIN
Content-Type: text/html; charset=UTF-8
Date: Sat, 01 Jun 2013 00:24:39 GMT
Content-Length: 8
Connection: close
Set-Cookie: cwrClyrK4LoCV1fydGbAxiNL6iG=rjSWXa9-99kPXMYd_hENB3NT4G4z8TD0v_KU_oXxdMtqhsFTydEUOafCAX_BJdQFLA0v75zE8ifRplY5dBKCoxMXmEOmlP2vJNzjQfDFDgQI2iSSjGuISIbSSVq7t7mAU93Pbm%7c0dPBT5Y2MAHHqwd3xxHD56u9kBI-HZmsq4rDOL9IF891gimjhW4znO5x63rPftt8HPAlbG%7csqAKFPY-0eQxLSP_V_xq5c_ZnlgZS688XQ8AspiKoOzny3DLE6DDdtaF7FL__IZ_mvnxRW%7c1370046279; domain=.paypal.com; path=/; HttpOnly
Set-Cookie: cookie_check=yes; expires=Tue, 30-May-2023 00:24:39 GMT; domain=.paypal.com; path=/; HttpOnly
Set-Cookie: navcmd=_notify-validate; domain=.paypal.com; path=/; HttpOnly
Set-Cookie: navlns=0.0; expires=Fri, 27-May-2033 00:24:39 GMT; domain=.paypal.com; path=/; HttpOnly
Set-Cookie: aksession=1370046579~id=cookielCtYe8QZUhDV71bvNJynP2mla7MXbDatyE73S0XuwBpOsjETrGC1zUxgiGPhwDnuYG4g7NWWaePdJoAp9Ksr/QWN2hqzoTIlV7mXVwfL0XFBaAtwyxkRrTU6NQR403Z8; expires=Sat, 01-Jun-2013 00:29:39 GMT; path=/; domain=.paypal.com

VERIFIED

[06/01/2013 7:19 AM] - SUCCESS!
IPN POST Vars from Paypal:
mc_gross=12.00, protection_eligibility=Ineligible, payer_id=LTVYGYSTSC538, tax=0.00, payment_date=22:19:29 May 31, 2013 PDT, payment_status=Completed, charset=windows-1252, first_name=Jelle, mc_fee=0.58, notify_version=3.7, custom=0, payer_status=verified, business=samba_godschynski@web.de, quantity=1, verify_sign=A72uJZE0Szmu49GljVdAsJbaPpFGANT5ADPuuUyWU17G9LYa7ncucrgJ, payer_email=j.tongeren9@chello.nl, txn_id=12G25817ES025842W, payment_type=instant, btn_id=59310348, last_name=van Tongeren, receiver_email=samba_godschynski@web.de, payment_fee=, shipping_discount=0.00, insurance_amount=0.00, receiver_id=ZAVWPQJ89KKLY, txn_type=web_accept, item_name=VSTForx-PreRelease, discount=0.00, mc_currency=EUR, item_number=3, residence_country=NL, handling_amount=0.00, shipping_method=Default, transaction_subject=0, payment_gross=, shipping=0.00, ipn_track_id=71c12641543e7, 
IPN Response from Paypal Server:
 HTTP/1.1 200 OK
Server: Apache
X-Frame-Options: SAMEORIGIN
Content-Type: text/html; charset=UTF-8
Date: Sat, 01 Jun 2013 05:19:32 GMT
Content-Length: 8
Connection: close
Set-Cookie: cwrClyrK4LoCV1fydGbAxiNL6iG=hjzBVK5WfyuPCDNM38fASf4d-0sV2bi-kqE-4LJPbOTv5TzBSAvGZXO8zwEw9Al3-UyZcWBvYUYMaVkJ0ylilCltPML_vQCjn2rVQMz9My2oY5PN0hoyRXTwxzO%7chcEQ7uSHsKEyij6YeFqvF6HShHVkaUAXqZvZMpwRc_YFeBdxjyx_FZyzHoZ2VPz9N9OMk0%7crfmtpI05GdfmaBS4Pw0nHeDKKdD46ooNdqr-AY_OgQQZnFlCyosX0jNXE-5YfvAPE7mq3G%7c1370063972; domain=.paypal.com; path=/; HttpOnly
Set-Cookie: cookie_check=yes; expires=Tue, 30-May-2023 05:19:32 GMT; domain=.paypal.com; path=/; HttpOnly
Set-Cookie: navcmd=_notify-validate; domain=.paypal.com; path=/; HttpOnly
Set-Cookie: navlns=0.0; expires=Fri, 27-May-2033 05:19:32 GMT; domain=.paypal.com; path=/; HttpOnly
Set-Cookie: aksession=1370064272~id=cookieg8mmW93czX2LNjHBBIefDXflh7ifnBD+4GYh00dzaEjLd0uFIMlCMkccwYibgBeU1FYYuElpscLgl4PYw/l4Dra77Aj2e1CZ/BoLgVQhUSqaHEnSZJc/2upwk+9YoYWg; expires=Sat, 01-Jun-2013 05:24:32 GMT; path=/; domain=.paypal.com

VERIFIED

[06/01/2013 1:28 PM] - SUCCESS!
IPN POST Vars from Paypal:
mc_gross=12.00, protection_eligibility=Ineligible, payer_id=PVEKRJYGW8K9J, tax=0.00, payment_date=04:28:24 Jun 01, 2013 PDT, payment_status=Completed, charset=windows-1252, first_name=Arjen, mc_fee=0.58, notify_version=3.7, custom=1709, payer_status=verified, business=samba_godschynski@web.de, quantity=1, verify_sign=A9LC3Qajo-H2V8mPq4eIktgPvG2RA51tWA1ElVeWH1nfbboZEtwE-hFL, payer_email=arjen@ancronix.com, txn_id=78A07109CJ3624620, payment_type=instant, btn_id=59310348, last_name=Flipsen, receiver_email=samba_godschynski@web.de, payment_fee=, shipping_discount=0.00, insurance_amount=0.00, receiver_id=ZAVWPQJ89KKLY, txn_type=web_accept, item_name=VSTForx-PreRelease, discount=0.00, mc_currency=EUR, item_number=3, residence_country=NL, handling_amount=0.00, shipping_method=Default, transaction_subject=1709, payment_gross=, shipping=0.00, ipn_track_id=e578ce107aaee, 
IPN Response from Paypal Server:
 HTTP/1.1 200 OK
Server: Apache
X-Frame-Options: SAMEORIGIN
Content-Type: text/html; charset=UTF-8
Date: Sat, 01 Jun 2013 11:28:28 GMT
Content-Length: 8
Connection: close
Set-Cookie: cwrClyrK4LoCV1fydGbAxiNL6iG=a1rGK41apMKWaKVn7R18aD6ztolrqheMuxBaPNiB0AiHrmWwApJzAL5QyfpPuXxvyvMIjVZdypFcve3djWK4YIg_UHTPnua21LYKNhfsYwgvHQA0M4HnTVw1zlbwAUS-Rqi9VW%7c59ITHRvJ_itVDd0XeucHlbFgjkxdKw7WC2unz3a6lPszJ_deZ-QXNldUC_qAlNYDnLxWqG%7cgHMLIMnw4cdOQ4B66w38Teswq3FzAzcIFovhGNiIQuPYkXud_FNtu6EHXtWJE_ng3U9h2m%7c1370086108; domain=.paypal.com; path=/; HttpOnly
Set-Cookie: cookie_check=yes; expires=Tue, 30-May-2023 11:28:28 GMT; domain=.paypal.com; path=/; HttpOnly
Set-Cookie: navcmd=_notify-validate; domain=.paypal.com; path=/; HttpOnly
Set-Cookie: navlns=0.0; expires=Fri, 27-May-2033 11:28:28 GMT; domain=.paypal.com; path=/; HttpOnly
Set-Cookie: aksession=1370086408~id=cookiej+9ZSFnesOjiucHi6+dHkcNW30EZaCBWwV0Xk3mLWLyJzI2HKvzICOqhJnJavbggi85OQbG+aIy8+SfW+rdprYtV1hh38fz3vlPjcS9qwJtLJBCNgr11eQvDtdF/zhvk; expires=Sat, 01-Jun-2013 11:33:28 GMT; path=/; domain=.paypal.com

VERIFIED

[06/01/2013 2:09 PM] - SUCCESS!
IPN POST Vars from Paypal:
mc_gross=12.00, protection_eligibility=Ineligible, payer_id=P4PJL8JNLE5VL, tax=0.00, payment_date=05:09:35 Jun 01, 2013 PDT, payment_status=Completed, charset=windows-1252, first_name=Alex, mc_fee=0.97, notify_version=3.7, custom=1712, payer_status=verified, business=samba_godschynski@web.de, quantity=1, verify_sign=AX8ieAkKpYYejWHnkQpJQhiSXfgJAcPGMagZ7.7UszD79a41xtozGcUC, payer_email=alex.eigenstetter@gmail.com, txn_id=1VE92593L4906210K, payment_type=instant, btn_id=59310348, last_name=Eigenstetter, receiver_email=samba_godschynski@web.de, payment_fee=, shipping_discount=0.00, insurance_amount=0.00, receiver_id=ZAVWPQJ89KKLY, txn_type=web_accept, item_name=VSTForx-PreRelease, discount=0.00, mc_currency=EUR, item_number=3, residence_country=AU, handling_amount=0.00, shipping_method=Default, transaction_subject=1712, payment_gross=, shipping=0.00, ipn_track_id=d4d6fcb576c7, 
IPN Response from Paypal Server:
 HTTP/1.1 200 OK
Server: Apache
X-Frame-Options: SAMEORIGIN
Content-Type: text/html; charset=UTF-8
Date: Sat, 01 Jun 2013 12:09:41 GMT
Content-Length: 8
Connection: close
Set-Cookie: cwrClyrK4LoCV1fydGbAxiNL6iG=hthm46SiH4R7joUtSwD3nZqmQy4jZLG60vjBALgUT7VkwT0w1bMSkRSdCx50SbGPWQXVOF3qBzWuYIAQq3dorBnBE0WK57f7mXsrWc_vNdZqbYtYxmY4WnOK4-rZ6fztpmcMaG%7cAEBBFMCdahVMwfCHJ3enNkrgt91nIG26H-Qn7PZUMMiVqVWk2VodJfYm2fkFmmTyzDoM2G%7c19hMC0u0XpTpIvq98knzwML1UWVkmVovz2lJh0oTmqdgBFR_MfmBFylkPH1Qt3xfOsY3_m%7c1370088581; domain=.paypal.com; path=/; HttpOnly
Set-Cookie: cookie_check=yes; expires=Tue, 30-May-2023 12:09:41 GMT; domain=.paypal.com; path=/; HttpOnly
Set-Cookie: navcmd=_notify-validate; domain=.paypal.com; path=/; HttpOnly
Set-Cookie: navlns=0.0; expires=Fri, 27-May-2033 12:09:41 GMT; domain=.paypal.com; path=/; HttpOnly
Set-Cookie: aksession=1370088881~id=cookiegDoTsaXlH0XeukIy7YWEb6DLNT9xUhOzh5UtDw1hlrlH+uwLanHuNZhjWJH2kzhMQ2h7087lOfeBazw7Fzm8q/tymI9SANNM61Pwd+GigvNu5zdBReyI//QlkQyyV2F6; expires=Sat, 01-Jun-2013 12:14:41 GMT; path=/; domain=.paypal.com

VERIFIED

[06/01/2013 2:25 PM] - SUCCESS!
IPN POST Vars from Paypal:
mc_gross=12.00, protection_eligibility=Ineligible, payer_id=YZE8VVQ22NZ3S, tax=0.00, payment_date=05:25:18 Jun 01, 2013 PDT, payment_status=Completed, charset=windows-1252, first_name=Pawel, mc_fee=0.58, notify_version=3.7, custom=1146, payer_status=verified, business=samba_godschynski@web.de, quantity=1, verify_sign=AwD4sJJmdrzDKNGw7KMAMuZSx1AHA8glcmmwZqJkZqC8uJwoPQVyfAvN, payer_email=lowbrightness@gmail.com, txn_id=8PJ05892SJ706203S, payment_type=instant, btn_id=59310348, last_name=Zalewski, receiver_email=samba_godschynski@web.de, payment_fee=, shipping_discount=0.00, insurance_amount=0.00, receiver_id=ZAVWPQJ89KKLY, txn_type=web_accept, item_name=VSTForx-PreRelease, discount=0.00, mc_currency=EUR, item_number=3, residence_country=GB, handling_amount=0.00, shipping_method=Default, transaction_subject=1146, payment_gross=, shipping=0.00, ipn_track_id=878d8ce1ab32d, 
IPN Response from Paypal Server:
 HTTP/1.1 200 OK
Server: Apache
X-Frame-Options: SAMEORIGIN
Content-Type: text/html; charset=UTF-8
Date: Sat, 01 Jun 2013 12:25:21 GMT
Content-Length: 8
Connection: close
Set-Cookie: cwrClyrK4LoCV1fydGbAxiNL6iG=ECjJJ5DOA7QKiwKcp0GmeDo5kauO4QN3hlANI0e92Lnzc8pSzBEt4NDvu9iH01I0jPfve8HX64MEUTWzdeq0ZZXbXEUIE43DTwnHXVLpOOrz_erTmxNiZ2fYkubY7vUgfaOV1W%7cCaR9qIvXJfuOErhTM0IkM6Sai2gDg4YtBvyL1VSzeGcafjqJ5W-rwIBBl4KV_mVldBwxZ0%7c8wLh5kyyinUJsOCQ-uzE5-lCeHGM_pSi2JGdq80WJYJnMM89Vhy-MM88uoghrmjo5q1gPm%7c1370089521; domain=.paypal.com; path=/; HttpOnly
Set-Cookie: cookie_check=yes; expires=Tue, 30-May-2023 12:25:21 GMT; domain=.paypal.com; path=/; HttpOnly
Set-Cookie: navcmd=_notify-validate; domain=.paypal.com; path=/; HttpOnly
Set-Cookie: navlns=0.0; expires=Fri, 27-May-2033 12:25:21 GMT; domain=.paypal.com; path=/; HttpOnly
Set-Cookie: aksession=1370089821~id=cookieXYhMLhRINgkwvCGvZczvfCoNU+Ml6pt3Yr6zviL6DNjj1Mj16j0ur41OM3zH4bXzI9EgLegclsS6g9eRpLS+wZ9IiTRI6GhX4QuFOOMhyQ1MVC6ExB+mtT9TKTm8shzh; expires=Sat, 01-Jun-2013 12:30:21 GMT; path=/; domain=.paypal.com

VERIFIED

[06/06/2013 4:05 PM] - FAIL: IPN Validation Failed.
IPN POST Vars from Paypal:

IPN Response from Paypal Server:
 HTTP/1.1 200 OK
Server: Apache
X-Frame-Options: SAMEORIGIN
Content-Type: text/html; charset=UTF-8
Date: Thu, 06 Jun 2013 14:05:52 GMT
Content-Length: 7
Connection: close
Set-Cookie: cwrClyrK4LoCV1fydGbAxiNL6iG=OOIqo8SBd49mD8Ej2NVSG16e0HMKnAYkMB-4l35WCkexEGxa0B8tF4itYUrZVdroQm5CLQh1126lcSHJHo2n3lR1970K_sAyhSVHxE_HjlN4z3XTjtv1MABDm1p1vUejQwW91W%7c2rZ9RRSGgdGaYe5-6pcb0-PUxgCZ1OS6lJFWeBk-ILWMM2mtcFi4wsLaOmnf75mxJCOPyG%7cjKolt2Iy67TnkWUMRcwvqKp9mugAnZrcs7SI_iPkE9muRu7D5gunfhU734RlZCQiDDubs0%7c1370527552; domain=.paypal.com; path=/; HttpOnly
Set-Cookie: cookie_check=yes; expires=Sun, 04-Jun-2023 14:05:52 GMT; domain=.paypal.com; path=/; HttpOnly
Set-Cookie: navcmd=_notify-validate; domain=.paypal.com; path=/; HttpOnly
Set-Cookie: navlns=0.0; expires=Wed, 01-Jun-2033 14:05:52 GMT; domain=.paypal.com; path=/; HttpOnly
Set-Cookie: aksession=1370527852~id=cookieKkoVf4SNeDntwdj1LBEenD5R5G/wCfyVnwq14lUkmbo+8vpTpuqzRzGgM/r72gkVuY+AwFTo+/HVeXJdfvkArpXo8mtqGFiJIZyxhJ958hTRD3NMhEv2lyjkV4heHgyO; expires=Thu, 06-Jun-2013 14:10:52 GMT; path=/; domain=.paypal.com

INVALID

[06/06/2013 4:08 PM] - FAIL: IPN Validation Failed.
IPN POST Vars from Paypal:
address_state=CA, quantity=1, txn_id=1050984312, last_name=Smith, mc_currency=USD, payer_status=verified, address_status=confirmed, tax=2.02, invoice=abc1234, shipping=3.04, address_street=123, any street, payer_email=buyer@paypalsandbox.com, mc_gross1=12.34, item_name=something, first_name=John, business=seller@paypalsandbox.com, verify_sign=AFcWxV21C7fd0v3bYYYRCpSSRl31AB0qUwCthvhxrfXThDeJHrwTlmeq, payer_id=TESTBUYERID01, payment_date=07:08:50 6 Jun 2013 PDT, address_country=United States, payment_status=Pending, receiver_email=seller@paypalsandbox.com, payment_type=echeck, address_zip=95131, address_city=San Jose, mc_gross=12.34, mc_fee=0.44, residence_country=US, address_country_code=US, notify_version=2.1, receiver_id=seller@paypalsandbox.com, pending_reason=echeck, txn_type=web_accept, custom=xyz123, item_number=AK-1234, address_name=John Smith, test_ipn=1, 
IPN Response from Paypal Server:
 HTTP/1.1 200 OK
Server: Apache
X-Frame-Options: SAMEORIGIN
Content-Type: text/html; charset=UTF-8
Date: Thu, 06 Jun 2013 14:08:59 GMT
Content-Length: 7
Connection: close
Set-Cookie: cwrClyrK4LoCV1fydGbAxiNL6iG=6j9sTvBcZ9CyhnYGeQBk0dlSgU3DOcjiWwpad14J2z-ZjrHkci_x2RItzp7wFAN4_1kKisPzgDYCFsof4Y5pS6cKJI51IMn2_6gunl6MkfsjvhHRNNbYfL5cY5JuoPm306j_7m%7cO28NDTauOdnHp71IS7tVfb1Qs2lv3jP0ZjBnZgBZIEh2fcdaRyYyJz2gHQnOJMEbkynXwW%7cFn_6pb2QM3JNCGSfcE7VQPqDhtq-Dle3XLzpBNLEXS8dDGZqsNNU102H5rOo0WJSwBUu80%7c1370527739; domain=.paypal.com; path=/; HttpOnly
Set-Cookie: cookie_check=yes; expires=Sun, 04-Jun-2023 14:08:59 GMT; domain=.paypal.com; path=/; HttpOnly
Set-Cookie: navcmd=_notify-validate; domain=.paypal.com; path=/; HttpOnly
Set-Cookie: navlns=0.0; expires=Wed, 01-Jun-2033 14:08:59 GMT; domain=.paypal.com; path=/; HttpOnly
Set-Cookie: aksession=1370528039~id=cookiepza5O7nygCeLyAd2tLykVsNSLI4ukPhU8RJlynRSXvGQnkIQC7Ph6aRQuZwBWoXu/apZBRqSTNEzNGLKdl2TpMkfyRYIF+BFOSyEkrOGz535Ra3py8FmCV0YYc2WPPrD; expires=Thu, 06-Jun-2013 14:13:59 GMT; path=/; domain=.paypal.com

INVALID

[07/01/2013 1:06 AM] - SUCCESS!
IPN POST Vars from Paypal:
mc_gross=15.00, protection_eligibility=Ineligible, payer_id=G9H63ZFXBU84A, tax=0.00, payment_date=16:01:13 Jun 30, 2013 PDT, payment_status=Completed, charset=windows-1252, first_name=sebastien, mc_fee=0.64, notify_version=3.7, custom=1263, payer_status=verified, business=samba_godschynski@web.de, quantity=1, verify_sign=AJzxkXDeZDin0ESVvbQp6xGkHWMaAZEC3tCxqeIzwA.fG9z6fiFLWc0h, payer_email=seabstudio@gmail.com, txn_id=3E0789646T319221S, payment_type=instant, btn_id=62536709, last_name=bizeray, receiver_email=samba_godschynski@web.de, payment_fee=, shipping_discount=0.00, insurance_amount=0.00, receiver_id=ZAVWPQJ89KKLY, txn_type=web_accept, item_name=VSTForx, discount=0.00, mc_currency=EUR, item_number=7, residence_country=FR, handling_amount=0.00, shipping_method=Default, transaction_subject=1263, payment_gross=, shipping=0.00, ipn_track_id=ae102978808fc, 
IPN Response from Paypal Server:
 HTTP/1.1 200 OK
Server: Apache
X-Frame-Options: SAMEORIGIN
Content-Type: text/html; charset=UTF-8
Date: Sun, 30 Jun 2013 23:06:45 GMT
Content-Length: 8
Connection: close
Set-Cookie: cwrClyrK4LoCV1fydGbAxiNL6iG=kb19Z94Rg3Sov8eGc5sGbkQlqFQKxgh4iGVdT-log-Bn3LO3f0NXOdg9i9qofNeuctE3sCrgqdUiS9ApTy3Rje2zQgoKMBmvydbSWyP3kOocIonVce-tTStYVN2aV_Skg7gYJW%7cHsn24mxXXfp-heXEa241EeYrw8Mzwfvp77uppKXO_1jQCp-4JnJeKDYN-FlVtaqIStvMQm%7c1HU1FjDWQ6BE5gROdSNm4M3JvY3vqb76tbdbmyFcgCjmxIs8fBR241WywwjgHySm8N1qHG%7c1372633605; domain=.paypal.com; path=/; HttpOnly
Set-Cookie: cookie_check=yes; expires=Wed, 28-Jun-2023 23:06:45 GMT; domain=.paypal.com; path=/; HttpOnly
Set-Cookie: navcmd=_notify-validate; domain=.paypal.com; path=/; HttpOnly
Set-Cookie: navlns=0.0; expires=Sat, 25-Jun-2033 23:06:45 GMT; domain=.paypal.com; path=/; HttpOnly
Set-Cookie: aksession=1372633905~id=cookiejRbDV/+Hfsxmq6+0EDiTYy7jmLQHYHnktq9Kp98ZlPX1dlQG32+uJIRweaupeyH6oFabRK2uyw0KVy0XdbYAJS69DH+xAGyfUdi6rY3Veh5KRUQjpezKuk4AMOisQEsF; expires=Sun, 30-Jun-2013 23:11:45 GMT; path=/; domain=.paypal.com

VERIFIED

